,Date,Price
0,2010-01-01,2225.25
1,2010-01-04,2225.25
2,2010-01-05,2246.5
3,2010-01-06,2302.5
4,2010-01-07,2306.5
5,2010-01-08,2261.25
6,2010-01-11,2320.25
7,2010-01-12,2260.25
8,2010-01-13,2250.25
9,2010-01-14,2292.75
10,2010-01-15,2281.5
11,2010-01-18,2292.25
12,2010-01-19,2243.25
13,2010-01-20,2243.25
14,2010-01-21,2229.25
15,2010-01-22,2189.25
16,2010-01-25,2217.25
17,2010-01-26,2189.25
18,2010-01-27,2148.75
19,2010-01-28,2125.75
20,2010-01-29,2061.25
21,2010-02-01,2046.25
22,2010-02-02,2074.75
23,2010-02-03,2086.25
24,2010-02-04,2051.75
25,2010-02-05,1948.5
26,2010-02-08,1973.75
27,2010-02-09,2002.25
28,2010-02-10,2022.25
29,2010-02-11,2012.25
30,2010-02-12,2004.25
31,2010-02-15,2032.5
32,2010-02-16,2050.5
33,2010-02-17,2094.5
34,2010-02-18,2076.5
35,2010-02-19,2071.5
36,2010-02-22,2115.5
37,2010-02-23,2117.25
38,2010-02-24,2078.5
39,2010-02-25,2062.25
40,2010-02-26,2050.25
41,2010-03-01,2100.5
42,2010-03-02,2107.5
43,2010-03-03,2107.5
44,2010-03-04,2202.75
45,2010-03-05,2200.5
46,2010-03-08,2223.75
47,2010-03-09,2200.25
48,2010-03-10,2232.5
49,2010-03-11,2194.5
50,2010-03-12,2215.5
51,2010-03-15,2207.5
52,2010-03-16,2213.0
53,2010-03-17,2242.25
54,2010-03-18,2243.5
55,2010-03-19,2232.5
56,2010-03-22,2192.25
57,2010-03-23,2230.5
58,2010-03-24,2194.25
59,2010-03-25,2175.5
60,2010-03-26,2199.0
61,2010-03-29,2224.75
62,2010-03-30,2267.25
63,2010-03-31,2287.5
64,2010-04-01,2329.5
65,2010-04-02,2327.25
66,2010-04-05,2327.25
67,2010-04-06,2327.25
68,2010-04-07,2323.5
69,2010-04-08,2295.25
70,2010-04-09,2357.25
71,2010-04-12,2380.75
72,2010-04-13,2368.75
73,2010-04-14,2419.25
74,2010-04-15,2423.5
75,2010-04-16,2447.25
76,2010-04-19,2338.75
77,2010-04-20,2383.5
78,2010-04-21,2326.25
79,2010-04-22,2293.25
80,2010-04-23,2265.25
81,2010-04-26,2293.25
82,2010-04-27,2262.0
83,2010-04-28,2114.75
84,2010-04-29,2114.75
85,2010-04-30,2183.5
86,2010-05-03,2163.5
87,2010-05-04,2163.5
88,2010-05-05,2094.5
89,2010-05-06,2094.5
90,2010-05-07,2094.5
91,2010-05-10,2104.0
92,2010-05-11,2027.5
93,2010-05-12,2100.25
94,2010-05-13,2116.25
95,2010-05-14,2080.5
96,2010-05-17,2080.5
97,2010-05-18,2005.25
98,2010-05-19,1968.5
99,2010-05-20,1946.75
100,2010-05-21,1990.75
101,2010-05-24,2008.5
102,2010-05-25,1980.25
103,2010-05-26,2010.25
104,2010-05-27,2003.25
105,2010-05-28,2036.5
106,2010-05-31,1952.5
107,2010-06-01,1952.5
108,2010-06-02,1953.75
109,2010-06-03,1950.75
110,2010-06-04,1915.25
111,2010-06-07,1828.25
112,2010-06-08,1850.25
113,2010-06-09,1910.75
114,2010-06-10,1906.0
115,2010-06-11,1931.75
116,2010-06-14,1945.25
117,2010-06-15,1964.75
118,2010-06-16,1967.25
119,2010-06-17,1950.25
120,2010-06-18,1930.5
121,2010-06-21,1968.25
122,2010-06-22,1900.75
123,2010-06-23,1921.5
124,2010-06-24,1908.25
125,2010-06-25,1945.5
126,2010-06-28,1995.0
127,2010-06-29,1962.25
128,2010-06-30,1923.75
129,2010-07-01,1927.75
130,2010-07-02,1932.5
131,2010-07-05,1911.0
132,2010-07-06,1945.5
133,2010-07-07,1954.25
134,2010-07-08,1976.5
135,2010-07-09,1970.25
136,2010-07-12,1966.5
137,2010-07-13,1947.5
138,2010-07-14,2003.25
139,2010-07-15,1990.75
140,2010-07-16,2008.25
141,2010-07-19,1946.75
142,2010-07-20,1930.25
143,2010-07-21,1975.0
144,2010-07-22,2006.25
145,2010-07-23,2008.25
146,2010-07-26,2020.5
147,2010-07-27,2042.5
148,2010-07-28,2058.75
149,2010-07-29,2082.5
150,2010-07-30,2126.5
151,2010-08-02,2184.0
152,2010-08-03,2199.5
153,2010-08-04,2200.75
154,2010-08-05,2200.75
155,2010-08-06,2216.5
156,2010-08-09,2200.75
157,2010-08-10,2144.5
158,2010-08-11,2150.5
159,2010-08-12,2131.25
160,2010-08-13,2142.5
161,2010-08-16,2120.5
162,2010-08-17,2134.5
163,2010-08-18,2145.5
164,2010-08-19,2093.5
165,2010-08-20,2093.5
166,2010-08-23,2058.0
167,2010-08-24,2038.25
168,2010-08-25,2015.5
169,2010-08-26,1998.25
170,2010-08-27,1996.25
171,2010-08-30,2044.5
172,2010-08-31,2044.5
173,2010-09-01,2058.75
174,2010-09-02,2104.5
175,2010-09-03,2128.25
176,2010-09-06,2128.25
177,2010-09-07,2109.75
178,2010-09-08,2120.25
179,2010-09-09,2082.25
180,2010-09-10,2083.25
181,2010-09-13,2107.5
182,2010-09-14,2101.0
183,2010-09-15,2117.25
184,2010-09-16,2131.5
185,2010-09-17,2155.5
186,2010-09-20,2173.5
187,2010-09-21,2166.5
188,2010-09-22,2166.5
189,2010-09-23,2233.25
190,2010-09-24,2271.5
191,2010-09-27,2281.25
192,2010-09-28,2224.5
193,2010-09-29,2293.25
194,2010-09-30,2313.5
195,2010-10-01,2344.5
196,2010-10-04,2331.5
197,2010-10-05,2334.5
198,2010-10-06,2334.5
199,2010-10-07,2342.75
200,2010-10-08,2320.5
201,2010-10-11,2390.5
202,2010-10-12,2385.25
203,2010-10-13,2389.0
204,2010-10-14,2401.75
205,2010-10-15,2367.5
206,2010-10-18,2348.25
207,2010-10-19,2356.25
208,2010-10-20,2324.0
209,2010-10-21,2347.5
210,2010-10-22,2326.25
211,2010-10-25,2361.5
212,2010-10-26,2331.5
213,2010-10-27,2321.5
214,2010-10-28,2307.5
215,2010-10-29,2301.0
216,2010-11-01,2368.75
217,2010-11-02,2385.5
218,2010-11-03,2401.25
219,2010-11-04,2440.75
220,2010-11-05,2437.5
221,2010-11-08,2413.5
222,2010-11-09,2425.5
223,2010-11-10,2430.25
224,2010-11-11,2445.5
225,2010-11-12,2433.75
226,2010-11-15,2349.75
227,2010-11-16,2329.25
228,2010-11-17,2224.5
229,2010-11-18,2262.5
230,2010-11-19,2259.5
231,2010-11-22,2265.25
232,2010-11-23,2220.75
233,2010-11-24,2241.5
234,2010-11-25,2241.5
235,2010-11-26,2238.25
236,2010-11-29,2256.5
237,2010-11-30,2244.75
238,2010-12-01,2289.75
239,2010-12-02,2325.75
240,2010-12-03,2323.0
241,2010-12-06,2278.25
242,2010-12-07,2325.25
243,2010-12-08,2295.75
244,2010-12-09,2347.5
245,2010-12-10,2315.5
246,2010-12-13,2297.5
247,2010-12-14,2331.5
248,2010-12-15,2331.5
249,2010-12-16,2295.5
250,2010-12-17,2306.25
251,2010-12-20,2327.25
252,2010-12-21,2377.75
253,2010-12-22,2443.75
254,2010-12-23,2420.5
255,2010-12-24,2401.5
256,2010-12-27,2436.25
257,2010-12-28,2436.25
258,2010-12-29,2436.25
259,2010-12-30,2449.75
260,2010-12-31,2458.5
261,2011-01-03,2471.5
262,2011-01-04,2471.5
263,2011-01-05,2445.0
264,2011-01-06,2469.75
265,2011-01-07,2492.0
266,2011-01-10,2465.5
267,2011-01-11,2488.5
268,2011-01-12,2484.25
269,2011-01-13,2479.25
270,2011-01-14,2452.5
271,2011-01-17,2438.5
272,2011-01-18,2444.25
273,2011-01-19,2444.25
274,2011-01-20,2373.25
275,2011-01-21,2389.5
276,2011-01-24,2394.75
277,2011-01-25,2359.5
278,2011-01-26,2362.75
279,2011-01-27,2390.5
280,2011-01-28,2454.5
281,2011-01-31,2454.5
282,2011-02-01,2530.5
283,2011-02-02,2522.25
284,2011-02-03,2515.5
285,2011-02-04,2523.25
286,2011-02-07,2539.0
287,2011-02-08,2519.5
288,2011-02-09,2537.5
289,2011-02-10,2503.25
290,2011-02-11,2490.25
291,2011-02-14,2484.5
292,2011-02-15,2482.25
293,2011-02-16,2476.25
294,2011-02-17,2473.75
295,2011-02-18,2508.5
296,2011-02-21,2531.5
297,2011-02-22,2477.0
298,2011-02-23,2489.25
299,2011-02-24,2490.75
300,2011-02-25,2529.0
301,2011-02-28,2531.25
302,2011-03-01,2581.5
303,2011-03-02,2554.75
304,2011-03-03,2578.5
305,2011-03-04,2587.5
306,2011-03-07,2565.75
307,2011-03-08,2534.75
308,2011-03-09,2579.25
309,2011-03-10,2546.25
310,2011-03-11,2490.5
311,2011-03-14,2499.5
312,2011-03-15,2473.5
313,2011-03-16,2467.5
314,2011-03-17,2475.25
315,2011-03-18,2507.5
316,2011-03-21,2536.25
317,2011-03-22,2548.25
318,2011-03-23,2600.25
319,2011-03-24,2595.75
320,2011-03-25,2608.25
321,2011-03-28,2584.0
322,2011-03-29,2591.5
323,2011-03-30,2595.0
324,2011-03-31,2599.0
325,2011-04-01,2589.25
326,2011-04-04,2610.25
327,2011-04-05,2592.5
328,2011-04-06,2625.75
329,2011-04-07,2659.75
330,2011-04-08,2659.75
331,2011-04-11,2653.25
332,2011-04-12,2634.0
333,2011-04-13,2634.0
334,2011-04-14,2617.25
335,2011-04-15,2637.75
336,2011-04-18,2658.5
337,2011-04-19,2660.25
338,2011-04-20,2713.5
339,2011-04-21,2731.25
340,2011-04-22,2720.5
341,2011-04-25,2720.5
342,2011-04-26,2720.5
343,2011-04-27,2739.5
344,2011-04-28,2771.75
345,2011-04-29,2740.25
346,2011-05-02,2740.25
347,2011-05-03,2740.25
348,2011-05-04,2753.25
349,2011-05-05,2680.5
350,2011-05-06,2609.25
351,2011-05-09,2619.5
352,2011-05-10,2649.5
353,2011-05-11,2618.25
354,2011-05-12,2600.5
355,2011-05-13,2647.75
356,2011-05-16,2576.5
357,2011-05-17,2524.5
358,2011-05-18,2510.5
359,2011-05-19,2516.0
360,2011-05-20,2494.75
361,2011-05-23,2468.25
362,2011-05-24,2499.5
363,2011-05-25,2539.75
364,2011-05-26,2539.75
365,2011-05-27,2597.5
366,2011-05-30,2648.5
367,2011-05-31,2648.5
368,2011-06-01,2652.75
369,2011-06-02,2631.5
370,2011-06-03,2609.25
371,2011-06-06,2626.75
372,2011-06-07,2664.25
373,2011-06-08,2645.0
374,2011-06-09,2625.25
375,2011-06-10,2604.5
376,2011-06-13,2559.75
377,2011-06-14,2575.25
378,2011-06-15,2578.25
379,2011-06-16,2515.25
380,2011-06-17,2518.5
381,2011-06-20,2490.5
382,2011-06-21,2519.5
383,2011-06-22,2519.5
384,2011-06-23,2476.0
385,2011-06-24,2465.25
386,2011-06-27,2466.25
387,2011-06-28,2488.75
388,2011-06-29,2491.25
389,2011-06-30,2508.5
390,2011-07-01,2485.75
391,2011-07-04,2460.25
392,2011-07-05,2485.25
393,2011-07-06,2516.5
394,2011-07-07,2528.75
395,2011-07-08,2545.25
396,2011-07-11,2451.5
397,2011-07-12,2443.5
398,2011-07-13,2450.25
399,2011-07-14,2476.5
400,2011-07-15,2449.5
401,2011-07-18,2444.25
402,2011-07-19,2481.75
403,2011-07-20,2514.5
404,2011-07-21,2473.5
405,2011-07-22,2547.75
406,2011-07-25,2572.5
407,2011-07-26,2612.5
408,2011-07-27,2622.25
409,2011-07-28,2600.5
410,2011-07-29,2581.0
411,2011-08-01,2605.25
412,2011-08-02,2540.5
413,2011-08-03,2529.5
414,2011-08-04,2472.5
415,2011-08-05,2427.5
416,2011-08-08,2404.75
417,2011-08-09,2390.25
418,2011-08-10,2408.5
419,2011-08-11,2367.25
420,2011-08-12,2378.5
421,2011-08-15,2345.25
422,2011-08-16,2338.25
423,2011-08-17,2347.0
424,2011-08-18,2371.0
425,2011-08-19,2308.5
426,2011-08-22,2324.75
427,2011-08-23,2321.75
428,2011-08-24,2321.75
429,2011-08-25,2333.5
430,2011-08-26,2328.75
431,2011-08-29,2360.5
432,2011-08-30,2360.5
433,2011-08-31,2402.25
434,2011-09-01,2401.0
435,2011-09-02,2399.5
436,2011-09-05,2363.25
437,2011-09-06,2345.75
438,2011-09-07,2355.0
439,2011-09-08,2365.5
440,2011-09-09,2342.5
441,2011-09-12,2318.75
442,2011-09-13,2354.25
443,2011-09-14,2329.25
444,2011-09-15,2338.5
445,2011-09-16,2345.5
446,2011-09-19,2309.5
447,2011-09-20,2303.75
448,2011-09-21,2266.25
449,2011-09-22,2224.75
450,2011-09-23,2169.75
451,2011-09-26,2195.25
452,2011-09-27,2193.5
453,2011-09-28,2205.25
454,2011-09-29,2185.5
455,2011-09-30,2206.5
456,2011-10-03,2120.0
457,2011-10-04,2132.5
458,2011-10-05,2131.75
459,2011-10-06,2169.75
460,2011-10-07,2176.25
461,2011-10-10,2185.5
462,2011-10-11,2184.5
463,2011-10-12,2202.25
464,2011-10-13,2177.75
465,2011-10-14,2170.5
466,2011-10-17,2209.0
467,2011-10-18,2157.25
468,2011-10-19,2171.25
469,2011-10-20,2121.25
470,2011-10-21,2109.75
471,2011-10-24,2158.25
472,2011-10-25,2194.5
473,2011-10-26,2195.25
474,2011-10-27,2233.75
475,2011-10-28,2221.25
476,2011-10-31,2186.5
477,2011-11-01,2091.5
478,2011-11-02,2103.25
479,2011-11-03,2123.25
480,2011-11-04,2130.0
481,2011-11-07,2117.5
482,2011-11-08,2092.5
483,2011-11-09,2108.5
484,2011-11-10,2111.75
485,2011-11-11,2115.25
486,2011-11-14,2143.5
487,2011-11-15,2117.25
488,2011-11-16,2097.25
489,2011-11-17,2084.0
490,2011-11-18,2085.25
491,2011-11-21,2074.75
492,2011-11-22,2058.75
493,2011-11-23,2058.75
494,2011-11-24,2002.25
495,2011-11-25,1987.0
496,2011-11-28,2006.25
497,2011-11-29,1990.5
498,2011-11-30,1976.75
499,2011-12-01,2103.25
500,2011-12-02,2139.5
501,2011-12-05,2105.25
502,2011-12-06,2103.25
503,2011-12-07,2101.75
504,2011-12-08,2059.25
505,2011-12-09,2066.25
506,2011-12-12,2026.25
507,2011-12-13,2020.5
508,2011-12-14,1975.75
509,2011-12-15,1982.25
510,2011-12-16,2003.25
511,2011-12-19,1955.25
512,2011-12-20,1970.5
513,2011-12-21,1944.75
514,2011-12-22,1965.25
515,2011-12-23,1991.25
516,2011-12-26,1970.25
517,2011-12-27,1970.25
518,2011-12-28,1970.25
519,2011-12-29,1975.5
520,2011-12-30,1970.25
521,2012-01-02,2005.75
522,2012-01-03,2005.75
523,2012-01-04,2051.5
524,2012-01-05,2003.25
525,2012-01-06,2019.5
526,2012-01-09,2061.25
527,2012-01-10,2137.5
528,2012-01-11,2134.25
529,2012-01-12,2157.25
530,2012-01-13,2109.75
531,2012-01-16,2120.5
532,2012-01-17,2171.25
533,2012-01-18,2174.5
534,2012-01-19,2180.75
535,2012-01-20,2183.5
536,2012-01-23,2193.25
537,2012-01-24,2190.25
538,2012-01-25,2185.75
539,2012-01-26,2231.75
540,2012-01-27,2241.25
541,2012-01-30,2210.25
542,2012-01-31,2257.25
543,2012-02-01,2219.25
544,2012-02-02,2200.5
545,2012-02-03,2158.5
546,2012-02-06,2175.25
547,2012-02-07,2172.5
548,2012-02-08,2236.25
549,2012-02-09,2232.25
550,2012-02-10,2218.25
551,2012-02-13,2207.25
552,2012-02-14,2163.0
553,2012-02-15,2173.5
554,2012-02-16,2116.75
555,2012-02-17,2127.25
556,2012-02-20,2130.0
557,2012-02-21,2175.25
558,2012-02-22,2211.5
559,2012-02-23,2228.75
560,2012-02-24,2252.75
561,2012-02-27,2266.75
562,2012-02-28,2307.75
563,2012-02-29,2301.25
564,2012-03-01,2288.5
565,2012-03-02,2295.25
566,2012-03-05,2253.25
567,2012-03-06,2202.25
568,2012-03-07,2172.5
569,2012-03-08,2174.75
570,2012-03-09,2169.75
571,2012-03-12,2166.25
572,2012-03-13,2187.25
573,2012-03-14,2196.25
574,2012-03-15,2195.25
575,2012-03-16,2222.0
576,2012-03-19,2218.75
577,2012-03-20,2218.75
578,2012-03-21,2192.25
579,2012-03-22,2139.25
580,2012-03-23,2130.75
581,2012-03-26,2136.75
582,2012-03-27,2132.75
583,2012-03-28,2137.75
584,2012-03-29,2107.0
585,2012-03-30,2098.25
586,2012-04-02,2081.25
587,2012-04-03,2090.5
588,2012-04-04,2059.25
589,2012-04-05,2053.5
590,2012-04-06,2050.25
591,2012-04-09,2050.25
592,2012-04-10,2050.25
593,2012-04-11,2035.75
594,2012-04-12,2069.5
595,2012-04-13,2045.75
596,2012-04-16,2026.5
597,2012-04-17,2040.25
598,2012-04-18,2028.25
599,2012-04-19,2016.25
600,2012-04-20,2034.25
601,2012-04-23,2034.25
602,2012-04-24,2029.5
603,2012-04-25,2039.75
604,2012-04-26,2040.25
605,2012-04-27,2068.0
606,2012-04-30,2057.5
607,2012-05-01,2066.5
608,2012-05-02,2064.25
609,2012-05-03,2047.25
610,2012-05-04,2047.75
611,2012-05-07,2025.75
612,2012-05-08,2025.75
613,2012-05-09,1986.75
614,2012-05-10,2003.25
615,2012-05-11,1991.75
616,2012-05-14,1981.5
617,2012-05-15,1979.0
618,2012-05-16,1994.25
619,2012-05-17,1986.75
620,2012-05-18,2016.25
621,2012-05-21,2003.75
622,2012-05-22,1996.25
623,2012-05-23,1974.75
624,2012-05-24,1968.5
625,2012-05-25,1979.25
626,2012-05-28,1980.25
627,2012-05-29,1979.25
628,2012-05-30,1957.25
629,2012-05-31,1973.25
630,2012-06-01,1936.5
631,2012-06-04,1944.75
632,2012-06-05,1944.75
633,2012-06-06,1944.75
634,2012-06-07,1946.75
635,2012-06-08,1938.25
636,2012-06-11,1943.25
637,2012-06-12,1925.75
638,2012-06-13,1923.75
639,2012-06-14,1924.25
640,2012-06-15,1914.25
641,2012-06-18,1881.75
642,2012-06-19,1878.25
643,2012-06-20,1879.25
644,2012-06-21,1841.75
645,2012-06-22,1823.25
646,2012-06-25,1816.75
647,2012-06-26,1810.25
648,2012-06-27,1810.25
649,2012-06-28,1832.25
650,2012-06-29,1834.25
651,2012-07-02,1866.75
652,2012-07-03,1910.5
653,2012-07-04,1929.75
654,2012-07-05,1914.25
655,2012-07-06,1887.5
656,2012-07-09,1876.25
657,2012-07-10,1889.5
658,2012-07-11,1872.25
659,2012-07-12,1835.25
660,2012-07-13,1861.25
661,2012-07-16,1861.25
662,2012-07-17,1888.25
663,2012-07-18,1868.25
664,2012-07-19,1908.75
665,2012-07-20,1894.25
666,2012-07-23,1835.25
667,2012-07-24,1839.75
668,2012-07-25,1846.5
669,2012-07-26,1865.25
670,2012-07-27,1859.75
671,2012-07-30,1851.25
672,2012-07-31,1862.25
673,2012-08-01,1843.75
674,2012-08-02,1820.75
675,2012-08-03,1806.25
676,2012-08-06,1828.75
677,2012-08-07,1863.0
678,2012-08-08,1872.5
679,2012-08-09,1865.75
680,2012-08-10,1834.5
681,2012-08-13,1823.75
682,2012-08-14,1812.75
683,2012-08-15,1803.25
684,2012-08-16,1793.25
685,2012-08-17,1810.25
686,2012-08-20,1798.5
687,2012-08-21,1820.75
688,2012-08-22,1828.5
689,2012-08-23,1861.25
690,2012-08-24,1871.0
691,2012-08-27,1882.5
692,2012-08-28,1882.5
693,2012-08-29,1872.5
694,2012-08-30,1867.5
695,2012-08-31,1848.75
696,2012-09-03,1879.5
697,2012-09-04,1927.25
698,2012-09-05,1927.75
699,2012-09-06,1962.5
700,2012-09-07,1987.75
701,2012-09-10,2031.75
702,2012-09-11,2057.0
703,2012-09-12,2074.25
704,2012-09-13,2081.75
705,2012-09-14,2176.75
706,2012-09-17,2161.75
707,2012-09-18,2152.5
708,2012-09-19,2123.5
709,2012-09-20,2095.5
710,2012-09-21,2093.25
711,2012-09-24,2058.5
712,2012-09-25,2068.5
713,2012-09-26,2048.5
714,2012-09-27,2067.75
715,2012-09-28,2093.75
716,2012-10-01,2068.25
717,2012-10-02,2103.75
718,2012-10-03,2103.75
719,2012-10-04,2087.5
720,2012-10-05,2087.5
721,2012-10-08,2046.25
722,2012-10-09,2040.25
723,2012-10-10,1991.5
724,2012-10-11,1992.25
725,2012-10-12,1975.0
726,2012-10-15,1949.75
727,2012-10-16,1930.5
728,2012-10-17,1932.25
729,2012-10-18,1971.25
730,2012-10-19,1976.25
731,2012-10-22,1932.25
732,2012-10-23,1913.25
733,2012-10-24,1906.75
734,2012-10-25,1909.25
735,2012-10-26,1899.25
736,2012-10-29,1873.25
737,2012-10-30,1884.25
738,2012-10-31,1882.25
739,2012-11-01,1908.25
740,2012-11-02,1936.75
741,2012-11-05,1883.75
742,2012-11-06,1886.75
743,2012-11-07,1900.5
744,2012-11-08,1897.25
745,2012-11-09,1888.75
746,2012-11-12,1929.0
747,2012-11-13,1943.75
748,2012-11-14,1965.5
749,2012-11-15,1931.75
750,2012-11-16,1921.25
751,2012-11-19,1927.75
752,2012-11-20,1952.25
753,2012-11-21,1927.75
754,2012-11-22,1927.75
755,2012-11-23,1915.25
756,2012-11-26,1976.25
757,2012-11-27,2002.75
758,2012-11-28,1992.25
759,2012-11-29,2045.5
760,2012-11-30,2078.5
761,2012-12-03,2096.25
762,2012-12-04,2100.25
763,2012-12-05,2094.5
764,2012-12-06,2109.25
765,2012-12-07,2077.75
766,2012-12-10,2101.25
767,2012-12-11,2130.5
768,2012-12-12,2134.5
769,2012-12-13,2121.25
770,2012-12-14,2132.25
771,2012-12-17,2163.25
772,2012-12-18,2080.5
773,2012-12-19,2072.5
774,2012-12-20,2031.75
775,2012-12-21,2035.25
776,2012-12-24,2045.25
777,2012-12-25,2043.25
778,2012-12-26,2043.25
779,2012-12-27,2043.25
780,2012-12-28,2030.5
781,2012-12-31,2039.75
782,2013-01-01,2093.25
783,2013-01-02,2093.25
784,2013-01-03,2108.25
785,2013-01-04,2055.5
786,2013-01-07,2004.75
787,2013-01-08,2026.75
788,2013-01-09,2061.25
789,2013-01-10,2074.25
790,2013-01-11,2076.75
791,2013-01-14,2062.25
792,2013-01-15,2002.25
793,2013-01-16,1990.75
794,2013-01-17,2003.25
795,2013-01-18,2021.25
796,2013-01-21,2000.75
797,2013-01-22,2008.75
798,2013-01-23,2047.25
799,2013-01-24,2026.75
800,2013-01-25,2042.25
801,2013-01-28,2042.25
802,2013-01-29,1997.5
803,2013-01-30,2046.25
804,2013-01-31,2073.25
805,2013-02-01,2055.75
806,2013-02-04,2078.5
807,2013-02-05,2074.75
808,2013-02-06,2059.25
809,2013-02-07,2065.75
810,2013-02-08,2066.25
811,2013-02-11,2075.75
812,2013-02-12,2059.25
813,2013-02-13,2087.25
814,2013-02-14,2114.5
815,2013-02-15,2122.75
816,2013-02-18,2122.75
817,2013-02-19,2075.25
818,2013-02-20,2075.25
819,2013-02-21,2046.75
820,2013-02-22,2024.25
821,2013-02-25,2003.75
822,2013-02-26,1970.75
823,2013-02-27,1971.5
824,2013-02-28,1959.75
825,2013-03-01,1914.25
826,2013-03-04,1926.75
827,2013-03-05,1942.75
828,2013-03-06,1927.5
829,2013-03-07,1910.25
830,2013-03-08,1926.75
831,2013-03-11,1895.25
832,2013-03-12,1938.75
833,2013-03-13,1945.25
834,2013-03-14,1937.75
835,2013-03-15,1943.5
836,2013-03-18,1895.25
837,2013-03-19,1902.25
838,2013-03-20,1905.25
839,2013-03-21,1901.5
840,2013-03-22,1905.5
841,2013-03-25,1898.25
842,2013-03-26,1890.25
843,2013-03-27,1867.25
844,2013-03-28,1881.25
845,2013-03-29,1861.5
846,2013-04-01,1861.5
847,2013-04-02,1861.5
848,2013-04-03,1845.25
849,2013-04-04,1833.25
850,2013-04-05,1844.75
851,2013-04-08,1865.25
852,2013-04-09,1858.25
853,2013-04-10,1877.75
854,2013-04-11,1855.25
855,2013-04-12,1840.75
856,2013-04-15,1803.75
857,2013-04-16,1860.5
858,2013-04-17,1855.25
859,2013-04-18,1873.5
860,2013-04-19,1871.25
861,2013-04-22,1840.75
862,2013-04-23,1858.25
863,2013-04-24,1870.75
864,2013-04-25,1882.75
865,2013-04-26,1889.75
866,2013-04-29,1846.25
867,2013-04-30,1846.25
868,2013-05-01,1788.25
869,2013-05-02,1802.5
870,2013-05-03,1827.5
871,2013-05-06,1841.0
872,2013-05-07,1841.0
873,2013-05-08,1886.25
874,2013-05-09,1864.25
875,2013-05-10,1847.5
876,2013-05-13,1827.25
877,2013-05-14,1825.25
878,2013-05-15,1800.25
879,2013-05-16,1802.25
880,2013-05-17,1840.25
881,2013-05-20,1810.75
882,2013-05-21,1834.75
883,2013-05-22,1837.25
884,2013-05-23,1825.75
885,2013-05-24,1814.25
886,2013-05-27,1807.75
887,2013-05-28,1807.75
888,2013-05-29,1820.75
889,2013-05-30,1856.5
890,2013-05-31,1875.25
891,2013-06-03,1888.25
892,2013-06-04,1902.25
893,2013-06-05,1938.75
894,2013-06-06,1927.25
895,2013-06-07,1933.25
896,2013-06-10,1883.5
897,2013-06-11,1848.25
898,2013-06-12,1842.5
899,2013-06-13,1812.75
900,2013-06-14,1815.25
901,2013-06-17,1789.25
902,2013-06-18,1794.75
903,2013-06-19,1792.25
904,2013-06-20,1748.25
905,2013-06-21,1747.75
906,2013-06-24,1728.75
907,2013-06-25,1744.25
908,2013-06-26,1732.75
909,2013-06-27,1719.25
910,2013-06-28,1730.75
911,2013-07-01,1753.75
912,2013-07-02,1792.25
913,2013-07-03,1774.25
914,2013-07-04,1767.25
915,2013-07-05,1742.75
916,2013-07-08,1736.25
917,2013-07-09,1739.75
918,2013-07-10,1761.25
919,2013-07-11,1800.25
920,2013-07-12,1790.0
921,2013-07-15,1761.25
922,2013-07-16,1752.25
923,2013-07-17,1772.25
924,2013-07-18,1752.75
925,2013-07-19,1772.5
926,2013-07-22,1794.25
927,2013-07-23,1801.25
928,2013-07-24,1806.75
929,2013-07-25,1784.25
930,2013-07-26,1761.25
931,2013-07-29,1759.75
932,2013-07-30,1741.25
933,2013-07-31,1731.75
934,2013-08-01,1776.25
935,2013-08-02,1769.5
936,2013-08-05,1755.25
937,2013-08-06,1752.75
938,2013-08-07,1730.75
939,2013-08-08,1781.5
940,2013-08-09,1821.25
941,2013-08-12,1832.25
942,2013-08-13,1839.25
943,2013-08-14,1834.75
944,2013-08-15,1842.25
945,2013-08-16,1876.25
946,2013-08-19,1872.25
947,2013-08-20,1848.5
948,2013-08-21,1852.25
949,2013-08-22,1857.25
950,2013-08-23,1834.5
951,2013-08-26,1827.75
952,2013-08-27,1827.75
953,2013-08-28,1826.25
954,2013-08-29,1797.5
955,2013-08-30,1775.25
956,2013-09-02,1763.75
957,2013-09-03,1772.75
958,2013-09-04,1744.25
959,2013-09-05,1744.25
960,2013-09-06,1780.25
961,2013-09-09,1766.75
962,2013-09-10,1759.25
963,2013-09-11,1756.25
964,2013-09-12,1746.0
965,2013-09-13,1746.0
966,2013-09-16,1734.25
967,2013-09-17,1729.75
968,2013-09-18,1741.75
969,2013-09-19,1783.25
970,2013-09-20,1771.25
971,2013-09-23,1754.25
972,2013-09-24,1753.25
973,2013-09-25,1751.5
974,2013-09-26,1751.5
975,2013-09-27,1789.25
976,2013-09-30,1802.75
977,2013-10-01,1785.5
978,2013-10-02,1773.25
979,2013-10-03,1785.25
980,2013-10-04,1789.25
981,2013-10-07,1790.75
982,2013-10-08,1790.75
983,2013-10-09,1838.75
984,2013-10-10,1818.25
985,2013-10-11,1829.75
986,2013-10-14,1821.75
987,2013-10-15,1804.75
988,2013-10-16,1786.75
989,2013-10-17,1795.75
990,2013-10-18,1808.25
991,2013-10-21,1807.25
992,2013-10-22,1829.25
993,2013-10-23,1821.5
994,2013-10-24,1801.5
995,2013-10-25,1806.75
996,2013-10-28,1838.75
997,2013-10-29,1848.75
998,2013-10-30,1843.25
999,2013-10-31,1832.75
1000,2013-11-01,1817.25
1001,2013-11-04,1787.75
1002,2013-11-05,1767.25
1003,2013-11-06,1784.25
1004,2013-11-07,1775.75
1005,2013-11-08,1764.75
1006,2013-11-11,1760.25
1007,2013-11-12,1754.75
1008,2013-11-13,1745.75
1009,2013-11-14,1740.25
1010,2013-11-15,1737.75
1011,2013-11-18,1737.25
1012,2013-11-19,1737.75
1013,2013-11-20,1739.75
1014,2013-11-21,1730.25
1015,2013-11-22,1746.5
1016,2013-11-25,1746.5
1017,2013-11-26,1734.5
1018,2013-11-27,1720.75
1019,2013-11-28,1700.75
1020,2013-11-29,1710.5
1021,2013-12-02,1699.25
1022,2013-12-03,1694.75
1023,2013-12-04,1701.5
1024,2013-12-05,1727.75
1025,2013-12-06,1727.75
1026,2013-12-09,1748.75
1027,2013-12-10,1762.25
1028,2013-12-11,1768.75
1029,2013-12-12,1768.75
1030,2013-12-13,1750.25
1031,2013-12-16,1745.25
1032,2013-12-17,1745.25
1033,2013-12-18,1749.25
1034,2013-12-19,1735.25
1035,2013-12-20,1738.5
1036,2013-12-23,1717.75
1037,2013-12-24,1709.5
1038,2013-12-25,1753.25
1039,2013-12-26,1753.25
1040,2013-12-27,1753.25
1041,2013-12-30,1770.75
1042,2013-12-31,1764.25
1043,2014-01-01,1755.25
1044,2014-01-02,1755.25
1045,2014-01-03,1755.25
1046,2014-01-06,1717.25
1047,2014-01-07,1732.75
1048,2014-01-08,1736.25
1049,2014-01-09,1712.75
1050,2014-01-10,1715.75
1051,2014-01-13,1715.75
1052,2014-01-14,1724.75
1053,2014-01-15,1714.75
1054,2014-01-16,1751.75
1055,2014-01-17,1765.75
1056,2014-01-20,1767.25
1057,2014-01-21,1742.25
1058,2014-01-22,1746.5
1059,2014-01-23,1731.5
1060,2014-01-24,1726.25
1061,2014-01-27,1710.75
1062,2014-01-28,1712.75
1063,2014-01-29,1709.25
1064,2014-01-30,1685.75
1065,2014-01-31,1663.25
1066,2014-02-03,1658.25
1067,2014-02-04,1641.25
1068,2014-02-05,1662.75
1069,2014-02-06,1654.25
1070,2014-02-07,1677.75
1071,2014-02-10,1671.75
1072,2014-02-11,1670.75
1073,2014-02-12,1685.5
1074,2014-02-13,1686.75
1075,2014-02-14,1710.25
1076,2014-02-17,1700.25
1077,2014-02-18,1693.25
1078,2014-02-19,1726.25
1079,2014-02-20,1717.25
1080,2014-02-21,1717.25
1081,2014-02-24,1699.25
1082,2014-02-25,1708.25
1083,2014-02-26,1734.75
1084,2014-02-27,1715.75
1085,2014-02-28,1723.75
1086,2014-03-03,1674.25
1087,2014-03-04,1686.75
1088,2014-03-05,1741.25
1089,2014-03-06,1731.75
1090,2014-03-07,1729.25
1091,2014-03-10,1714.75
1092,2014-03-11,1745.75
1093,2014-03-12,1716.25
1094,2014-03-13,1702.75
1095,2014-03-14,1697.75
1096,2014-03-17,1683.75
1097,2014-03-18,1690.25
1098,2014-03-19,1671.75
1099,2014-03-20,1673.5
1100,2014-03-21,1676.75
1101,2014-03-24,1688.25
1102,2014-03-25,1911.9672592592592
1103,2014-03-26,1705.25
1104,2014-03-27,1682.25
1105,2014-03-28,1709.25
1106,2014-03-31,1730.25
1107,2014-04-01,1743.75
1108,2014-04-02,1776.25
1109,2014-04-03,1782.25
1110,2014-04-04,1809.5
1111,2014-04-07,1793.25
1112,2014-04-08,1784.75
1113,2014-04-09,1791.25
1114,2014-04-10,1853.25
1115,2014-04-11,1840.25
1116,2014-04-14,1833.25
1117,2014-04-15,1816.25
1118,2014-04-16,1832.75
1119,2014-04-17,1836.75
1120,2014-04-18,1846.5
1121,2014-04-21,1846.5
1122,2014-04-22,1846.5
1123,2014-04-23,1835.25
1124,2014-04-24,1840.25
1125,2014-04-25,1823.25
1126,2014-04-28,1800.25
1127,2014-04-29,1779.25
1128,2014-04-30,1769.25
1129,2014-05-01,1736.25
1130,2014-05-02,1736.25
1131,2014-05-05,1749.25
1132,2014-05-06,1749.25
1133,2014-05-07,1728.25
1134,2014-05-08,1717.25
1135,2014-05-09,1717.75
1136,2014-05-12,1739.25
1137,2014-05-13,1738.75
1138,2014-05-14,1757.25
1139,2014-05-15,1752.75
1140,2014-05-16,1731.25
1141,2014-05-19,1724.25
1142,2014-05-20,1721.75
1143,2014-05-21,1714.25
1144,2014-05-22,1745.25
1145,2014-05-23,1781.25
1146,2014-05-26,1777.25
1147,2014-05-27,1777.25
1148,2014-05-28,1801.25
1149,2014-05-29,1784.25
1150,2014-05-30,1823.25
1151,2014-06-02,1816.25
1152,2014-06-03,1802.25
1153,2014-06-04,1796.25
1154,2014-06-05,1826.75
1155,2014-06-06,1816.75
1156,2014-06-09,1870.25
1157,2014-06-10,1864.75
1158,2014-06-11,1835.25
1159,2014-06-12,1821.75
1160,2014-06-13,1800.75
1161,2014-06-16,1800.75
1162,2014-06-17,1808.25
1163,2014-06-18,1828.25
1164,2014-06-19,1843.75
1165,2014-06-20,1844.75
1166,2014-06-23,1856.75
1167,2014-06-24,1856.75
1168,2014-06-25,1866.25
1169,2014-06-26,1856.75
1170,2014-06-27,1849.75
1171,2014-06-30,1850.25
1172,2014-07-01,1837.25
1173,2014-07-02,1861.5
1174,2014-07-03,1889.5
1175,2014-07-04,1892.75
1176,2014-07-07,1893.5
1177,2014-07-08,1910.25
1178,2014-07-09,1923.75
1179,2014-07-10,1885.25
1180,2014-07-11,1906.25
1181,2014-07-14,1922.75
1182,2014-07-15,1927.75
1183,2014-07-16,1962.25
1184,2014-07-17,1967.25
1185,2014-07-18,1958.25
1186,2014-07-21,1987.5
1187,2014-07-22,2020.25
1188,2014-07-23,2010.5
1189,2014-07-24,2013.25
1190,2014-07-25,2008.25
1191,2014-07-28,1987.25
1192,2014-07-29,1973.75
1193,2014-07-30,1982.25
1194,2014-07-31,2016.25
1195,2014-08-01,1964.25
1196,2014-08-04,1978.5
1197,2014-08-05,2001.75
1198,2014-08-06,1983.0
1199,2014-08-07,2014.25
1200,2014-08-08,2017.25
1201,2014-08-11,2031.0
1202,2014-08-12,2039.75
1203,2014-08-13,2025.75
1204,2014-08-14,2004.75
1205,2014-08-15,1979.5
1206,2014-08-18,1994.5
1207,2014-08-19,2027.75
1208,2014-08-20,2036.75
1209,2014-08-21,2058.25
1210,2014-08-22,2058.25
1211,2014-08-25,2081.75
1212,2014-08-26,2081.75
1213,2014-08-27,2082.25
1214,2014-08-28,2107.75
1215,2014-08-29,2113.75
1216,2014-09-01,2081.75
1217,2014-09-02,2082.75
1218,2014-09-03,2077.5
1219,2014-09-04,2085.25
1220,2014-09-05,2074.5
1221,2014-09-08,2081.0
1222,2014-09-09,2044.75
1223,2014-09-10,2011.75
1224,2014-09-11,2001.75
1225,2014-09-12,2008.25
1226,2014-09-15,1958.0
1227,2014-09-16,1969.25
1228,2014-09-17,1966.25
1229,2014-09-18,1949.75
1230,2014-09-19,1949.0
1231,2014-09-22,1924.75
1232,2014-09-23,1924.75
1233,2014-09-24,1922.25
1234,2014-09-25,1926.75
1235,2014-09-26,1924.25
1236,2014-09-29,1913.5
1237,2014-09-30,1934.5
1238,2014-10-01,1898.25
1239,2014-10-02,1869.25
1240,2014-10-03,1882.75
1241,2014-10-06,1897.75
1242,2014-10-07,1885.75
1243,2014-10-08,1920.25
1244,2014-10-09,1923.5
1245,2014-10-10,1891.25
1246,2014-10-13,1903.25
1247,2014-10-14,1908.75
1248,2014-10-15,1912.25
1249,2014-10-16,1872.75
1250,2014-10-17,1929.25
1251,2014-10-20,1954.25
1252,2014-10-21,1971.5
1253,2014-10-22,1979.75
1254,2014-10-23,1984.25
1255,2014-10-24,1950.25
1256,2014-10-27,1963.25
1257,2014-10-28,1990.25
1258,2014-10-29,2011.75
1259,2014-10-30,2015.25
1260,2014-10-31,2056.75
1261,2014-11-03,2055.75
1262,2014-11-04,2050.25
1263,2014-11-05,2037.5
1264,2014-11-06,2052.25
1265,2014-11-07,2076.75
1266,2014-11-10,2040.75
1267,2014-11-11,2017.5
1268,2014-11-12,2061.75
1269,2014-11-13,2064.5
1270,2014-11-14,2020.25
1271,2014-11-17,2049.25
1272,2014-11-18,2015.25
1273,2014-11-19,2024.75
1274,2014-11-20,2016.75
1275,2014-11-21,2077.0
1276,2014-11-24,2059.75
1277,2014-11-25,2083.5
1278,2014-11-26,2098.75
1279,2014-11-27,2098.75
1280,2014-11-28,2071.25
1281,2014-12-01,2020.75
1282,2014-12-02,2014.75
1283,2014-12-03,1966.5
1284,2014-12-04,1974.75
1285,2014-12-05,2001.75
1286,2014-12-08,1959.75
1287,2014-12-09,1944.75
1288,2014-12-10,1949.75
1289,2014-12-11,1935.25
1290,2014-12-12,1917.75
1291,2014-12-15,1916.25
1292,2014-12-16,1874.75
1293,2014-12-17,1863.25
1294,2014-12-18,1888.25
1295,2014-12-19,1887.75
1296,2014-12-22,1877.5
1297,2014-12-23,1851.75
1298,2014-12-24,1833.5
1299,2014-12-25,1827.25
1300,2014-12-26,1827.25
1301,2014-12-29,1827.25
1302,2014-12-30,1834.0
1303,2014-12-31,1831.25
1304,2015-01-01,1821.25
1305,2015-01-02,1821.25
1306,2015-01-05,1792.75
1307,2015-01-06,1772.25
1308,2015-01-07,1761.75
1309,2015-01-08,1776.25
1310,2015-01-09,1797.75
1311,2015-01-12,1778.5
1312,2015-01-13,1766.25
1313,2015-01-14,1767.25
1314,2015-01-15,1782.25
1315,2015-01-16,1798.25
1316,2015-01-19,1825.25
1317,2015-01-20,1829.5
1318,2015-01-21,1830.75
1319,2015-01-22,1866.5
1320,2015-01-23,1830.25
1321,2015-01-26,1817.75
1322,2015-01-27,1846.75
1323,2015-01-28,1849.25
1324,2015-01-29,1822.25
1325,2015-01-30,1837.25
1326,2015-02-02,1851.5
1327,2015-02-03,1869.75
1328,2015-02-04,1862.0
1329,2015-02-05,1848.75
1330,2015-02-06,1871.25
1331,2015-02-09,1854.75
1332,2015-02-10,1842.5
1333,2015-02-11,1811.25
1334,2015-02-12,1817.5
1335,2015-02-13,1831.25
1336,2015-02-16,1814.25
1337,2015-02-17,1800.25
1338,2015-02-18,1796.0
1339,2015-02-19,1801.75
1340,2015-02-20,1796.25
1341,2015-02-23,1772.25
1342,2015-02-24,1791.5
1343,2015-02-25,1783.25
1344,2015-02-26,1798.25
1345,2015-02-27,1794.25
1346,2015-03-02,1796.75
1347,2015-03-03,1783.25
1348,2015-03-04,1786.5
1349,2015-03-05,1787.5
1350,2015-03-06,1784.5
1351,2015-03-09,1760.25
1352,2015-03-10,1749.25
1353,2015-03-11,1753.75
1354,2015-03-12,1741.75
1355,2015-03-13,1743.75
1356,2015-03-16,1760.5
1357,2015-03-17,1769.75
1358,2015-03-18,1771.25
1359,2015-03-19,1782.25
1360,2015-03-20,1762.5
1361,2015-03-23,1786.75
1362,2015-03-24,1786.0
1363,2015-03-25,1763.5
1364,2015-03-26,1783.25
1365,2015-03-27,1771.75
1366,2015-03-30,1776.25
1367,2015-03-31,1788.75
1368,2015-04-01,1765.25
1369,2015-04-02,1770.25
1370,2015-04-03,1784.75
1371,2015-04-06,1784.75
1372,2015-04-07,1784.75
1373,2015-04-08,1774.5
1374,2015-04-09,1773.25
1375,2015-04-10,1772.75
1376,2015-04-13,1781.25
1377,2015-04-14,1781.25
1378,2015-04-15,1810.5
1379,2015-04-16,1856.0
1380,2015-04-17,1846.25
1381,2015-04-20,1858.25
1382,2015-04-21,1826.25
1383,2015-04-22,1817.25
1384,2015-04-23,1805.25
1385,2015-04-24,1829.75
1386,2015-04-27,1827.25
1387,2015-04-28,1827.25
1388,2015-04-29,1890.0
1389,2015-04-30,1909.25
1390,2015-05-01,1918.5
1391,2015-05-04,1910.25
1392,2015-05-05,1910.25
1393,2015-05-06,1915.25
1394,2015-05-07,1870.25
1395,2015-05-08,1863.75
1396,2015-05-11,1851.75
1397,2015-05-12,1854.5
1398,2015-05-13,1859.5
1399,2015-05-14,1845.75
1400,2015-05-15,1812.75
1401,2015-05-18,1795.25
1402,2015-05-19,1749.75
1403,2015-05-20,1748.75
1404,2015-05-21,1735.75
1405,2015-05-22,1725.75
1406,2015-05-25,1710.25
1407,2015-05-26,1710.25
1408,2015-05-27,1699.25
1409,2015-05-28,1719.25
1410,2015-05-29,1705.25
1411,2015-06-01,1691.25
1412,2015-06-02,1711.25
1413,2015-06-03,1716.25
1414,2015-06-04,1697.25
1415,2015-06-05,1693.25
1416,2015-06-08,1695.25
1417,2015-06-09,1722.75
1418,2015-06-10,1726.5
1419,2015-06-11,1701.25
1420,2015-06-12,1701.25
1421,2015-06-15,1660.25
1422,2015-06-16,1660.75
1423,2015-06-17,1675.25
1424,2015-06-18,1680.25
1425,2015-06-19,1650.25
1426,2015-06-22,1650.25
1427,2015-06-23,1680.25
1428,2015-06-24,1690.25
1429,2015-06-25,1670.75
1430,2015-06-26,1667.75
1431,2015-06-29,1641.75
1432,2015-06-30,1646.25
1433,2015-07-01,1665.5
1434,2015-07-02,1692.5
1435,2015-07-03,1684.75
1436,2015-07-06,1643.0
1437,2015-07-07,1644.75
1438,2015-07-08,1619.75
1439,2015-07-09,1648.5
1440,2015-07-10,1652.25
1441,2015-07-13,1658.75
1442,2015-07-14,1652.75
1443,2015-07-15,1674.25
1444,2015-07-16,1663.75
1445,2015-07-17,1663.25
1446,2015-07-20,1636.25
1447,2015-07-21,1630.25
1448,2015-07-22,1610.25
1449,2015-07-23,1604.25
1450,2015-07-24,1594.25
1451,2015-07-27,1600.25
1452,2015-07-28,1608.75
1453,2015-07-29,1618.5
1454,2015-07-30,1608.25
1455,2015-07-31,1593.5
1456,2015-08-03,1563.5
1457,2015-08-04,1577.25
1458,2015-08-05,1569.25
1459,2015-08-06,1552.75
1460,2015-08-07,1556.25
1461,2015-08-10,1552.75
1462,2015-08-11,1546.75
1463,2015-08-12,1546.75
1464,2015-08-13,1538.5
1465,2015-08-14,1540.25
1466,2015-08-17,1523.25
1467,2015-08-18,1531.75
1468,2015-08-19,1521.5
1469,2015-08-20,1543.75
1470,2015-08-21,1523.25
1471,2015-08-24,1485.25
1472,2015-08-25,1525.75
1473,2015-08-26,1513.25
1474,2015-08-27,1527.5
1475,2015-08-28,1549.75
1476,2015-08-31,1577.25
1477,2015-09-01,1577.25
1478,2015-09-02,1569.75
1479,2015-09-03,1606.25
1480,2015-09-04,1601.25
1481,2015-09-07,1587.5
1482,2015-09-08,1593.25
1483,2015-09-09,1627.75
1484,2015-09-10,1607.25
1485,2015-09-11,1614.0
1486,2015-09-14,1598.75
1487,2015-09-15,1600.25
1488,2015-09-16,1598.25
1489,2015-09-17,1606.25
1490,2015-09-18,1624.25
1491,2015-09-21,1611.75
1492,2015-09-22,1578.25
1493,2015-09-23,1571.75
1494,2015-09-24,1560.25
1495,2015-09-25,1566.25
1496,2015-09-28,1536.75
1497,2015-09-29,1548.75
1498,2015-09-30,1561.0
1499,2015-10-01,1578.25
1500,2015-10-02,1544.75
1501,2015-10-05,1546.75
1502,2015-10-06,1546.25
1503,2015-10-07,1566.75
1504,2015-10-08,1551.75
1505,2015-10-09,1606.5
1506,2015-10-12,1607.25
1507,2015-10-13,1559.0
1508,2015-10-14,1568.75
1509,2015-10-15,1567.25
1510,2015-10-16,1542.25
1511,2015-10-19,1535.75
1512,2015-10-20,1506.25
1513,2015-10-21,1490.5
1514,2015-10-22,1479.75
1515,2015-10-23,1480.25
1516,2015-10-26,1467.5
1517,2015-10-27,1453.75
1518,2015-10-28,1433.75
1519,2015-10-29,1440.0
1520,2015-10-30,1447.25
1521,2015-11-02,1451.75
1522,2015-11-03,1469.75
1523,2015-11-04,1472.25
1524,2015-11-05,1472.75
1525,2015-11-06,1491.25
1526,2015-11-09,1505.75
1527,2015-11-10,1485.75
1528,2015-11-11,1493.5
1529,2015-11-12,1484.25
1530,2015-11-13,1475.75
1531,2015-11-16,1457.25
1532,2015-11-17,1462.75
1533,2015-11-18,1453.75
1534,2015-11-19,1445.75
1535,2015-11-20,1474.75
1536,2015-11-23,1423.75
1537,2015-11-24,1432.75
1538,2015-11-25,1428.25
1539,2015-11-26,1470.25
1540,2015-11-27,1479.25
1541,2015-11-30,1441.75
1542,2015-12-01,1441.75
1543,2015-12-02,1459.75
1544,2015-12-03,1462.25
1545,2015-12-04,1502.75
1546,2015-12-07,1497.75
1547,2015-12-08,1461.75
1548,2015-12-09,1493.5
1549,2015-12-10,1478.5
1550,2015-12-11,1499.0
1551,2015-12-14,1475.5
1552,2015-12-15,1477.25
1553,2015-12-16,1477.75
1554,2015-12-17,1482.25
1555,2015-12-18,1507.5
1556,2015-12-21,1509.5
1557,2015-12-22,1517.5
1558,2015-12-23,1538.75
1559,2015-12-24,1540.75
1560,2015-12-25,1540.75
1561,2015-12-28,1540.75
1562,2015-12-29,1534.5
1563,2015-12-30,1506.5
1564,2015-12-31,1507.0
1565,2016-01-01,1465.5
1566,2016-01-04,1465.5
1567,2016-01-05,1472.75
1568,2016-01-06,1456.5
1569,2016-01-07,1454.5
1570,2016-01-08,1475.75
1571,2016-01-11,1471.25
1572,2016-01-12,1456.75
1573,2016-01-13,1452.5
1574,2016-01-14,1477.75
1575,2016-01-15,1467.25
1576,2016-01-18,1486.25
1577,2016-01-19,1493.5
1578,2016-01-20,1461.25
1579,2016-01-21,1469.5
1580,2016-01-22,1497.25
1581,2016-01-25,1479.5
1582,2016-01-26,1480.25
1583,2016-01-27,1507.75
1584,2016-01-28,1526.75
1585,2016-01-29,1529.25
1586,2016-02-01,1519.5
1587,2016-02-02,1524.25
1588,2016-02-03,1513.75
1589,2016-02-04,1531.5
1590,2016-02-05,1530.5
1591,2016-02-08,1495.75
1592,2016-02-09,1491.75
1593,2016-02-10,1498.5
1594,2016-02-11,1493.75
1595,2016-02-12,1498.5
1596,2016-02-15,1505.25
1597,2016-02-16,1528.25
1598,2016-02-17,1519.75
1599,2016-02-18,1529.5
1600,2016-02-19,1551.0
1601,2016-02-22,1572.75
1602,2016-02-23,1575.25
1603,2016-02-24,1551.5
1604,2016-02-25,1599.5
1605,2016-02-26,1588.0
1606,2016-02-29,1621.25
1607,2016-03-01,1590.25
1608,2016-03-02,1596.75
1609,2016-03-03,1603.25
1610,2016-03-04,1587.25
1611,2016-03-07,1599.0
1612,2016-03-08,1589.5
1613,2016-03-09,1563.5
1614,2016-03-10,1564.5
1615,2016-03-11,1548.25
1616,2016-03-14,1532.25
1617,2016-03-15,1507.5
1618,2016-03-16,1494.5
1619,2016-03-17,1503.25
1620,2016-03-18,1497.75
1621,2016-03-21,1485.75
1622,2016-03-22,1480.5
1623,2016-03-23,1479.75
1624,2016-03-24,1469.25
1625,2016-03-25,1472.75
1626,2016-03-28,1472.75
1627,2016-03-29,1472.75
1628,2016-03-30,1477.75
1629,2016-03-31,1491.25
1630,2016-04-01,1523.75
1631,2016-04-04,1522.5
1632,2016-04-05,1497.75
1633,2016-04-06,1480.75
1634,2016-04-07,1484.75
1635,2016-04-08,1491.5
1636,2016-04-11,1493.25
1637,2016-04-12,1513.5
1638,2016-04-13,1545.0
1639,2016-04-14,1548.0
1640,2016-04-15,1534.0
1641,2016-04-18,1546.75
1642,2016-04-19,1565.25
1643,2016-04-20,1597.75
1644,2016-04-21,1627.5
1645,2016-04-22,1634.75
1646,2016-04-25,1640.75
1647,2016-04-26,1631.75
1648,2016-04-27,1642.25
1649,2016-04-28,1648.75
1650,2016-04-29,1672.75
1651,2016-05-02,1628.75
1652,2016-05-03,1628.75
1653,2016-05-04,1610.5
1654,2016-05-05,1601.25
1655,2016-05-06,1598.5
1656,2016-05-09,1556.25
1657,2016-05-10,1542.25
1658,2016-05-11,1559.75
1659,2016-05-12,1544.5
1660,2016-05-13,1528.75
1661,2016-05-16,1525.25
1662,2016-05-17,1531.5
1663,2016-05-18,1529.25
1664,2016-05-19,1535.5
1665,2016-05-20,1558.75
1666,2016-05-23,1525.75
1667,2016-05-24,1552.5
1668,2016-05-25,1538.5
1669,2016-05-26,1552.75
1670,2016-05-27,1551.0
1671,2016-05-30,1547.75
1672,2016-05-31,1547.75
1673,2016-06-01,1543.75
1674,2016-06-02,1558.0
1675,2016-06-03,1542.5
1676,2016-06-06,1547.0
1677,2016-06-07,1540.5
1678,2016-06-08,1595.75
1679,2016-06-09,1591.25
1680,2016-06-10,1583.75
1681,2016-06-13,1581.25
1682,2016-06-14,1604.5
1683,2016-06-15,1613.25
1684,2016-06-16,1592.25
1685,2016-06-17,1602.25
1686,2016-06-20,1607.25
1687,2016-06-21,1623.25
1688,2016-06-22,1623.75
1689,2016-06-23,1627.5
1690,2016-06-24,1600.25
1691,2016-06-27,1591.75
1692,2016-06-28,1602.25
1693,2016-06-29,1613.5
1694,2016-06-30,1634.75
1695,2016-07-01,1644.75
1696,2016-07-04,1652.5
1697,2016-07-05,1623.0
1698,2016-07-06,1623.25
1699,2016-07-07,1636.75
1700,2016-07-08,1640.25
1701,2016-07-11,1652.75
1702,2016-07-12,1645.75
1703,2016-07-13,1669.0
1704,2016-07-14,1671.5
1705,2016-07-15,1681.75
1706,2016-07-18,1644.75
1707,2016-07-19,1642.5
1708,2016-07-20,1608.5
1709,2016-07-21,1594.25
1710,2016-07-22,1599.75
1711,2016-07-25,1600.75
1712,2016-07-26,1590.25
1713,2016-07-27,1583.5
1714,2016-07-28,1597.5
1715,2016-07-29,1615.75
1716,2016-08-01,1645.25
1717,2016-08-02,1635.25
1718,2016-08-03,1619.0
1719,2016-08-04,1615.75
1720,2016-08-05,1627.5
1721,2016-08-08,1644.5
1722,2016-08-09,1625.75
1723,2016-08-10,1645.75
1724,2016-08-11,1629.75
1725,2016-08-12,1634.0
1726,2016-08-15,1644.25
1727,2016-08-16,1675.75
1728,2016-08-17,1685.25
1729,2016-08-18,1690.25
1730,2016-08-19,1648.25
1731,2016-08-22,1651.0
1732,2016-08-23,1652.5
1733,2016-08-24,1656.25
1734,2016-08-25,1623.5
1735,2016-08-26,1627.25
1736,2016-08-29,1627.25
1737,2016-08-30,1627.25
1738,2016-08-31,1600.75
1739,2016-09-01,1586.75
1740,2016-09-02,1591.5
1741,2016-09-05,1568.25
1742,2016-09-06,1573.25
1743,2016-09-07,1582.25
1744,2016-09-08,1565.5
1745,2016-09-09,1567.0
1746,2016-09-12,1545.25
1747,2016-09-13,1556.25
1748,2016-09-14,1552.25
1749,2016-09-15,1559.75
1750,2016-09-16,1559.5
1751,2016-09-19,1558.25
1752,2016-09-20,1562.5
1753,2016-09-21,1569.5
1754,2016-09-22,1611.25
1755,2016-09-23,1637.25
1756,2016-09-26,1619.75
1757,2016-09-27,1647.75
1758,2016-09-28,1648.25
1759,2016-09-29,1652.75
1760,2016-09-30,1658.25
1761,2016-10-03,1649.5
1762,2016-10-04,1670.25
1763,2016-10-05,1662.25
1764,2016-10-06,1667.25
1765,2016-10-07,1674.0
1766,2016-10-10,1677.5
1767,2016-10-11,1672.75
1768,2016-10-12,1683.75
1769,2016-10-13,1680.5
1770,2016-10-14,1684.5
1771,2016-10-17,1644.75
1772,2016-10-18,1663.25
1773,2016-10-19,1621.5
1774,2016-10-20,1612.25
1775,2016-10-21,1616.5
1776,2016-10-24,1626.25
1777,2016-10-25,1650.5
1778,2016-10-26,1672.5
1779,2016-10-27,1681.25
1780,2016-10-28,1701.25
1781,2016-10-31,1722.75
1782,2016-11-01,1731.5
1783,2016-11-02,1708.5
1784,2016-11-03,1725.5
1785,2016-11-04,1718.0
1786,2016-11-07,1715.0
1787,2016-11-08,1705.75
1788,2016-11-09,1737.0
1789,2016-11-10,1772.25
1790,2016-11-11,1776.75
1791,2016-11-14,1764.5
1792,2016-11-15,1726.0
1793,2016-11-16,1718.75
1794,2016-11-17,1692.25
1795,2016-11-18,1711.75
1796,2016-11-21,1725.5
1797,2016-11-22,1738.5
1798,2016-11-23,1765.25
1799,2016-11-24,1773.5
1800,2016-11-25,1750.5
1801,2016-11-28,1766.25
1802,2016-11-29,1721.75
1803,2016-11-30,1722.25
1804,2016-12-01,1723.0
1805,2016-12-02,1714.75
1806,2016-12-05,1727.5
1807,2016-12-06,1717.0
1808,2016-12-07,1727.75
1809,2016-12-08,1731.0
1810,2016-12-09,1742.25
1811,2016-12-12,1749.25
1812,2016-12-13,1754.75
1813,2016-12-14,1751.75
1814,2016-12-15,1735.5
1815,2016-12-16,1732.25
1816,2016-12-19,1716.75
1817,2016-12-20,1722.25
1818,2016-12-21,1730.25
1819,2016-12-22,1737.25
1820,2016-12-23,1739.5
1821,2016-12-26,1726.25
1822,2016-12-27,1726.25
1823,2016-12-28,1726.25
1824,2016-12-29,1712.75
1825,2016-12-30,1713.25
1826,2017-01-02,1701.5
1827,2017-01-03,1701.5
1828,2017-01-04,1700.5
1829,2017-01-05,1709.25
1830,2017-01-06,1721.75
1831,2017-01-09,1716.75
1832,2017-01-10,1757.25
1833,2017-01-11,1748.0
1834,2017-01-12,1787.5
1835,2017-01-13,1790.25
1836,2017-01-16,1811.75
1837,2017-01-17,1805.25
1838,2017-01-18,1800.25
1839,2017-01-19,1831.0
1840,2017-01-20,1838.75
1841,2017-01-23,1869.0
1842,2017-01-24,1869.5
1843,2017-01-25,1848.75
1844,2017-01-26,1837.25
1845,2017-01-27,1827.0
1846,2017-01-30,1806.5
1847,2017-01-31,1820.0
1848,2017-02-01,1817.25
1849,2017-02-02,1812.75
1850,2017-02-03,1808.25
1851,2017-02-06,1811.5
1852,2017-02-07,1808.5
1853,2017-02-08,1820.75
1854,2017-02-09,1838.75
1855,2017-02-10,1848.5
1856,2017-02-13,1867.25
1857,2017-02-14,1892.5
1858,2017-02-15,1870.75
1859,2017-02-16,1877.5
1860,2017-02-17,1865.25
1861,2017-02-20,1877.75
1862,2017-02-21,1877.75
1863,2017-02-22,1872.75
1864,2017-02-23,1882.25
1865,2017-02-24,1876.5
1866,2017-02-27,1907.5
1867,2017-02-28,1894.75
1868,2017-03-01,1933.75
1869,2017-03-02,1928.0
1870,2017-03-03,1908.0
1871,2017-03-06,1867.5
1872,2017-03-07,1857.75
1873,2017-03-08,1880.75
1874,2017-03-09,1846.75
1875,2017-03-10,1884.25
1876,2017-03-13,1881.5
1877,2017-03-14,1850.5
1878,2017-03-15,1862.5
1879,2017-03-16,1894.75
1880,2017-03-17,1900.5
1881,2017-03-20,1907.75
1882,2017-03-21,1917.0
1883,2017-03-22,1909.0
1884,2017-03-23,1912.5
1885,2017-03-24,1917.25
1886,2017-03-27,1915.5
1887,2017-03-28,1918.25
1888,2017-03-29,1930.75
1889,2017-03-30,1954.75
1890,2017-03-31,1946.25
1891,2017-04-03,1948.25
1892,2017-04-04,1937.5
1893,2017-04-05,1961.0
1894,2017-04-06,1955.75
1895,2017-04-07,1929.25
1896,2017-04-10,1928.75
1897,2017-04-11,1907.25
1898,2017-04-12,1906.75
1899,2017-04-13,1889.75
1900,2017-04-14,1915.25
1901,2017-04-17,1915.25
1902,2017-04-18,1915.25
1903,2017-04-19,1895.0
1904,2017-04-20,1932.75
1905,2017-04-21,1932.25
1906,2017-04-24,1927.75
1907,2017-04-25,1942.5
1908,2017-04-26,1957.25
1909,2017-04-27,1954.25
1910,2017-04-28,1929.75
1911,2017-05-01,1908.0
1912,2017-05-02,1908.0
1913,2017-05-03,1915.5
1914,2017-05-04,1909.25
1915,2017-05-05,1906.5
1916,2017-05-08,1878.75
1917,2017-05-09,1873.75
1918,2017-05-10,1869.75
1919,2017-05-11,1886.0
1920,2017-05-12,1879.5
1921,2017-05-15,1899.25
1922,2017-05-16,1914.5
1923,2017-05-17,1927.5
1924,2017-05-18,1904.5
1925,2017-05-19,1937.75
1926,2017-05-22,1942.0
1927,2017-05-23,1925.75
1928,2017-05-24,1943.5
1929,2017-05-25,1953.5
1930,2017-05-26,1949.5
1931,2017-05-29,1943.25
1932,2017-05-30,1943.25
1933,2017-05-31,1919.25
1934,2017-06-01,1929.5
1935,2017-06-02,1916.25
1936,2017-06-05,1917.25
1937,2017-06-06,1892.5
1938,2017-06-07,1903.25
1939,2017-06-08,1902.25
1940,2017-06-09,1901.25
1941,2017-06-12,1887.5
1942,2017-06-13,1876.5
1943,2017-06-14,1886.25
1944,2017-06-15,1863.75
1945,2017-06-16,1860.0
1946,2017-06-19,1861.25
1947,2017-06-20,1888.5
1948,2017-06-21,1865.0
1949,2017-06-22,1871.75
1950,2017-06-23,1867.5
1951,2017-06-26,1854.75
1952,2017-06-27,1861.25
1953,2017-06-28,1885.75
1954,2017-06-29,1897.25
1955,2017-06-30,1908.25
1956,2017-07-03,1917.25
1957,2017-07-04,1903.25
1958,2017-07-05,1912.75
1959,2017-07-06,1925.25
1960,2017-07-07,1919.5
1961,2017-07-10,1913.75
1962,2017-07-11,1878.5
1963,2017-07-12,1876.0
1964,2017-07-13,1910.75
1965,2017-07-14,1903.0
1966,2017-07-17,1900.75
1967,2017-07-18,1886.5
1968,2017-07-19,1906.5
1969,2017-07-20,1897.75
1970,2017-07-21,1900.75
1971,2017-07-24,1889.75
1972,2017-07-25,1896.25
1973,2017-07-26,1911.75
1974,2017-07-27,1922.75
1975,2017-07-28,1891.5
1976,2017-07-31,1903.5
1977,2017-08-01,1886.5
1978,2017-08-02,1903.0
1979,2017-08-03,1891.25
1980,2017-08-04,1889.0
1981,2017-08-07,1919.5
1982,2017-08-08,1980.5
1983,2017-08-09,2017.5
1984,2017-08-10,2023.5
1985,2017-08-11,2040.0
1986,2017-08-14,2029.75
1987,2017-08-15,2055.5
1988,2017-08-16,2074.75
1989,2017-08-17,2095.0
1990,2017-08-18,2104.25
1991,2017-08-21,2084.25
1992,2017-08-22,2104.25
1993,2017-08-23,2082.25
1994,2017-08-24,2104.5
1995,2017-08-25,2096.0
1996,2017-08-28,2091.0
1997,2017-08-29,2091.0
1998,2017-08-30,2066.25
1999,2017-08-31,2113.25
2000,2017-09-01,2113.25
2001,2017-09-04,2095.25
2002,2017-09-05,2081.5
2003,2017-09-06,2069.25
2004,2017-09-07,2074.5
2005,2017-09-08,2071.5
2006,2017-09-11,2100.25
2007,2017-09-12,2082.75
2008,2017-09-13,2082.5
2009,2017-09-14,2064.5
2010,2017-09-15,2067.75
2011,2017-09-18,2066.25
2012,2017-09-19,2107.25
2013,2017-09-20,2163.75
2014,2017-09-21,2153.5
2015,2017-09-22,2136.5
2016,2017-09-25,2127.75
2017,2017-09-26,2115.75
2018,2017-09-27,2116.75
2019,2017-09-28,2102.25
2020,2017-09-29,2110.25
2021,2017-10-02,2066.5
2022,2017-10-03,2114.25
2023,2017-10-04,2139.0
2024,2017-10-05,2123.0
2025,2017-10-06,2121.25
2026,2017-10-09,2134.5
2027,2017-10-10,2132.75
2028,2017-10-11,2123.5
2029,2017-10-12,2117.25
2030,2017-10-13,2139.5
2031,2017-10-16,2143.75
2032,2017-10-17,2110.75
2033,2017-10-18,2106.25
2034,2017-10-19,2128.25
2035,2017-10-20,2158.75
2036,2017-10-23,2133.0
2037,2017-10-24,2143.75
2038,2017-10-25,2149.25
2039,2017-10-26,2174.5
2040,2017-10-27,2118.5
2041,2017-10-30,2142.5
2042,2017-10-31,2139.75
2043,2017-11-01,2187.5
2044,2017-11-02,2151.75
2045,2017-11-03,2164.0
2046,2017-11-06,2151.5
2047,2017-11-07,2130.5
2048,2017-11-08,2103.25
2049,2017-11-09,2077.75
2050,2017-11-10,2089.5
2051,2017-11-13,2099.5
2052,2017-11-14,2084.75
2053,2017-11-15,2081.75
2054,2017-11-16,2105.75
2055,2017-11-17,2076.75
2056,2017-11-20,2067.25
2057,2017-11-21,2061.0
2058,2017-11-22,2084.75
2059,2017-11-23,2089.0
2060,2017-11-24,2103.5
2061,2017-11-27,2109.25
2062,2017-11-28,2099.75
2063,2017-11-29,2061.0
2064,2017-11-30,2032.75
2065,2017-12-01,2046.25
2066,2017-12-04,2052.25
2067,2017-12-05,2051.75
2068,2017-12-06,2028.25
2069,2017-12-07,1993.75
2070,2017-12-08,1991.75
2071,2017-12-11,1991.0
2072,2017-12-12,2003.5
2073,2017-12-13,1996.75
2074,2017-12-14,2016.0
2075,2017-12-15,2035.75
2076,2017-12-18,2047.0
2077,2017-12-19,2060.75
2078,2017-12-20,2091.75
2079,2017-12-21,2108.25
2080,2017-12-22,2136.5
2081,2017-12-25,2199.25
2082,2017-12-26,2199.25
2083,2017-12-27,2199.25
2084,2017-12-28,2245.5
2085,2017-12-29,2241.25
2086,2018-01-01,2255.75
2087,2018-01-02,2255.75
2088,2018-01-03,2240.5
2089,2018-01-04,2229.0
2090,2018-01-05,2205.25
2091,2018-01-08,2177.25
2092,2018-01-09,2143.25
2093,2018-01-10,2158.75
2094,2018-01-11,2178.5
2095,2018-01-12,2214.5
2096,2018-01-15,2227.25
2097,2018-01-16,2171.75
2098,2018-01-17,2186.75
2099,2018-01-18,2224.5
2100,2018-01-19,2255.5
2101,2018-01-22,2234.5
2102,2018-01-23,2213.25
2103,2018-01-24,2215.0
2104,2018-01-25,2237.25
2105,2018-01-26,2237.5
2106,2018-01-29,2251.25
2107,2018-01-30,2228.5
2108,2018-01-31,2224.25
2109,2018-02-01,2217.75
2110,2018-02-02,2227.5
2111,2018-02-05,2201.75
2112,2018-02-06,2195.75
2113,2018-02-07,2181.0
2114,2018-02-08,2167.75
2115,2018-02-09,2141.75
2116,2018-02-12,2129.25
2117,2018-02-13,2123.0
2118,2018-02-14,2137.75
2119,2018-02-15,2163.5
2120,2018-02-16,2189.25
2121,2018-02-19,2265.5
2122,2018-02-20,2238.75
2123,2018-02-21,2189.75
2124,2018-02-22,2193.75
2125,2018-02-23,2209.5
2126,2018-02-26,2188.25
2127,2018-02-27,2172.0
2128,2018-02-28,2158.25
2129,2018-03-01,2142.5
2130,2018-03-02,2143.5
2131,2018-03-05,2134.75
2132,2018-03-06,2135.75
2133,2018-03-07,2112.25
2134,2018-03-08,2082.25
2135,2018-03-09,2078.25
2136,2018-03-12,2096.75
2137,2018-03-13,2079.75
2138,2018-03-14,2095.75
2139,2018-03-15,2062.25
2140,2018-03-16,2068.5
2141,2018-03-19,2070.25
2142,2018-03-20,2072.5
2143,2018-03-21,2056.25
2144,2018-03-22,2058.0
2145,2018-03-23,2048.5
2146,2018-03-26,2021.75
2147,2018-03-27,2034.75
2148,2018-03-28,2008.5
2149,2018-03-29,1996.75
2150,2018-03-30,2009.0
2151,2018-04-02,2009.0
2152,2018-04-03,2009.0
2153,2018-04-04,1971.5
2154,2018-04-05,1968.5
2155,2018-04-06,1966.5
2156,2018-04-09,2112.5
2157,2018-04-10,2171.25
2158,2018-04-11,2252.0
2159,2018-04-12,2220.0
2160,2018-04-13,2324.75
2161,2018-04-16,2358.25
2162,2018-04-17,2375.25
2163,2018-04-18,2528.0
2164,2018-04-19,2600.0
2165,2018-04-20,2462.0
2166,2018-04-23,2451.75
2167,2018-04-24,2221.5
2168,2018-04-25,2247.5
2169,2018-04-26,2203.75
2170,2018-04-27,2248.5
2171,2018-04-30,2223.5
2172,2018-05-01,2257.75
2173,2018-05-02,2268.5
2174,2018-05-03,2348.5
2175,2018-05-04,2315.5
2176,2018-05-07,2383.0
2177,2018-05-08,2383.0
2178,2018-05-09,2294.0
2179,2018-05-10,2326.0
2180,2018-05-11,2273.0
2181,2018-05-14,2285.25
2182,2018-05-15,2312.5
2183,2018-05-16,2319.25
2184,2018-05-17,2279.5
2185,2018-05-18,2296.75
2186,2018-05-21,2278.25
2187,2018-05-22,2265.25
2188,2018-05-23,2226.5
2189,2018-05-24,2270.5
2190,2018-05-25,2281.0
2191,2018-05-28,2259.75
2192,2018-05-29,2259.75
2193,2018-05-30,2265.0
2194,2018-05-31,2285.25
2195,2018-06-01,2270.5
2196,2018-06-04,2324.25
2197,2018-06-05,2314.25
2198,2018-06-06,2317.25
2199,2018-06-07,2330.75
2200,2018-06-08,2287.25
2201,2018-06-11,2299.5
2202,2018-06-12,2308.75
2203,2018-06-13,2277.75
2204,2018-06-14,2277.25
2205,2018-06-15,2239.0
2206,2018-06-18,2220.25
2207,2018-06-19,2178.75
2208,2018-06-20,2178.5
2209,2018-06-21,2166.5
2210,2018-06-22,2165.75
2211,2018-06-25,2171.5
2212,2018-06-26,2151.5
2213,2018-06-27,2204.25
2214,2018-06-28,2172.75
2215,2018-06-29,2182.75
2216,2018-07-02,2152.5
2217,2018-07-03,2164.0
2218,2018-07-04,2120.25
2219,2018-07-05,2126.5
2220,2018-07-06,2098.25
2221,2018-07-09,2135.25
2222,2018-07-10,2140.25
2223,2018-07-11,2120.25
2224,2018-07-12,2104.25
2225,2018-07-13,2101.0
2226,2018-07-16,2127.5
2227,2018-07-17,2109.75
2228,2018-07-18,2039.0
2229,2018-07-19,2061.0
2230,2018-07-20,2074.75
2231,2018-07-23,2129.0
2232,2018-07-24,2081.0
2233,2018-07-25,2056.25
2234,2018-07-26,2053.75
2235,2018-07-27,2054.0
2236,2018-07-30,2053.0
2237,2018-07-31,2060.75
2238,2018-08-01,2035.5
2239,2018-08-02,2022.5
2240,2018-08-03,2015.0
2241,2018-08-06,2000.25
2242,2018-08-07,2026.25
2243,2018-08-08,2021.5
2244,2018-08-09,2117.5
2245,2018-08-10,2038.75
2246,2018-08-13,2051.75
2247,2018-08-14,2037.75
2248,2018-08-15,1994.0
2249,2018-08-16,1997.5
2250,2018-08-17,1998.5
2251,2018-08-20,2032.5
2252,2018-08-21,2040.25
2253,2018-08-22,2038.25
2254,2018-08-23,2021.25
2255,2018-08-24,2061.75
2256,2018-08-27,2087.75
2257,2018-08-28,2087.75
2258,2018-08-29,2115.5
2259,2018-08-30,2126.5
2260,2018-08-31,2111.75
2261,2018-09-03,2083.0
2262,2018-09-04,2039.75
2263,2018-09-05,2045.75
2264,2018-09-06,2030.25
2265,2018-09-07,2029.0
2266,2018-09-10,1999.0
2267,2018-09-11,2034.5
2268,2018-09-12,1981.25
2269,2018-09-13,2014.0
2270,2018-09-14,2015.25
2271,2018-09-17,1984.75
2272,2018-09-18,2011.5
2273,2018-09-19,1980.5
2274,2018-09-20,2018.25
2275,2018-09-21,2033.0
2276,2018-09-24,2034.75
2277,2018-09-25,2019.0
2278,2018-09-26,2056.25
2279,2018-09-27,2029.0
2280,2018-09-28,2011.25
2281,2018-10-01,2047.25
2282,2018-10-02,2079.75
2283,2018-10-03,2166.25
2284,2018-10-04,2243.25
2285,2018-10-05,2139.75
2286,2018-10-08,2073.25
2287,2018-10-09,2031.25
2288,2018-10-10,2028.5
2289,2018-10-11,2023.75
2290,2018-10-12,2044.75
2291,2018-10-15,2027.75
2292,2018-10-16,2021.5
2293,2018-10-17,2017.75
2294,2018-10-18,2007.25
2295,2018-10-19,2022.25
2296,2018-10-22,2002.25
2297,2018-10-23,1996.5
2298,2018-10-24,1987.25
2299,2018-10-25,1980.5
2300,2018-10-26,1960.5
2301,2018-10-29,1980.25
2302,2018-10-30,1951.5
2303,2018-10-31,1945.75
2304,2018-11-01,1960.0
2305,2018-11-02,1966.75
2306,2018-11-05,1958.5
2307,2018-11-06,1949.0
2308,2018-11-07,1951.0
2309,2018-11-08,1976.0
2310,2018-11-09,1964.0
2311,2018-11-12,1933.5
2312,2018-11-13,1924.75
2313,2018-11-14,1930.5
2314,2018-11-15,1916.5
2315,2018-11-16,1913.75
2316,2018-11-19,1917.75
2317,2018-11-20,1926.5
2318,2018-11-21,1944.5
2319,2018-11-22,1941.25
2320,2018-11-23,1922.25
2321,2018-11-26,1919.0
2322,2018-11-27,1924.75
2323,2018-11-28,1912.0
2324,2018-11-29,1932.0
2325,2018-11-30,1934.75
2326,2018-12-03,1982.25
2327,2018-12-04,1984.75
2328,2018-12-05,1966.25
2329,2018-12-06,1944.0
2330,2018-12-07,1961.5
2331,2018-12-10,1950.5
2332,2018-12-11,1949.25
2333,2018-12-12,1927.5
2334,2018-12-13,1923.5
2335,2018-12-14,1907.5
2336,2018-12-17,1937.25
2337,2018-12-18,1939.5
2338,2018-12-19,1927.5
2339,2018-12-20,1923.0
2340,2018-12-21,1919.5
2341,2018-12-24,1898.25
2342,2018-12-25,1897.5
2343,2018-12-26,1897.5
2344,2018-12-27,1897.5
2345,2018-12-28,1880.5
2346,2018-12-31,1869.0
2347,2019-01-01,1857.5
2348,2019-01-02,1857.5
2349,2019-01-03,1825.25
2350,2019-01-04,1878.75
2351,2019-01-07,1857.75
2352,2019-01-08,1836.5
2353,2019-01-09,1841.75
2354,2019-01-10,1843.0
2355,2019-01-11,1815.5
2356,2019-01-14,1775.25
2357,2019-01-15,1810.25
2358,2019-01-16,1839.25
2359,2019-01-17,1803.5
2360,2019-01-18,1850.5
2361,2019-01-21,1842.25
2362,2019-01-22,1867.25
2363,2019-01-23,1877.25
2364,2019-01-24,1850.5
2365,2019-01-25,1866.0
2366,2019-01-28,1859.75
2367,2019-01-29,1852.5
2368,2019-01-30,1870.75
2369,2019-01-31,1880.25
2370,2019-02-01,1872.0
2371,2019-02-04,1839.75
2372,2019-02-05,1896.25
2373,2019-02-06,1886.25
2374,2019-02-07,1862.25
2375,2019-02-08,1864.75
2376,2019-02-11,1847.5
2377,2019-02-12,1840.25
2378,2019-02-13,1839.5
2379,2019-02-14,1828.75
2380,2019-02-15,1828.25
2381,2019-02-18,1822.0
2382,2019-02-19,1833.25
2383,2019-02-20,1829.25
2384,2019-02-21,1858.0
2385,2019-02-22,1890.25
2386,2019-02-25,1885.75
2387,2019-02-26,1869.5
2388,2019-02-27,1898.25
2389,2019-02-28,1892.75
2390,2019-03-01,1890.25
2391,2019-03-04,1859.25
2392,2019-03-05,1868.25
2393,2019-03-06,1845.75
2394,2019-03-07,1840.75
2395,2019-03-08,1847.0
2396,2019-03-11,1829.5
2397,2019-03-12,1850.5
2398,2019-03-13,1872.75
2399,2019-03-14,1873.25
2400,2019-03-15,1867.5
2401,2019-03-18,1878.5
2402,2019-03-19,1907.25
2403,2019-03-20,1922.5
2404,2019-03-21,1890.75
2405,2019-03-22,1866.75
2406,2019-03-25,1855.75
2407,2019-03-26,1849.25
2408,2019-03-27,1898.25
2409,2019-03-28,1896.0
2410,2019-03-29,1899.75
2411,2019-04-01,1887.75
2412,2019-04-02,1857.75
2413,2019-04-03,1864.5
2414,2019-04-04,1871.5
2415,2019-04-05,1863.5
2416,2019-04-08,1858.25
2417,2019-04-09,1850.5
2418,2019-04-10,1851.5
2419,2019-04-11,1847.0
2420,2019-04-12,1843.25
2421,2019-04-15,1843.25
2422,2019-04-16,1838.5
2423,2019-04-17,1840.25
2424,2019-04-18,1838.75
2425,2019-04-19,1854.75
2426,2019-04-22,1854.75
2427,2019-04-23,1854.75
2428,2019-04-24,1853.5
2429,2019-04-25,1851.0
2430,2019-04-26,1831.75
2431,2019-04-29,1815.5
2432,2019-04-30,1808.5
2433,2019-05-01,1775.25
2434,2019-05-02,1800.0
2435,2019-05-03,1783.25
2436,2019-05-06,1766.5
2437,2019-05-07,1766.5
2438,2019-05-08,1760.75
2439,2019-05-09,1766.25
2440,2019-05-10,1764.5
2441,2019-05-13,1765.25
2442,2019-05-14,1791.75
2443,2019-05-15,1801.75
2444,2019-05-16,1831.0
2445,2019-05-17,1804.75
2446,2019-05-20,1785.75
2447,2019-05-21,1765.75
2448,2019-05-22,1746.5
2449,2019-05-23,1739.5
2450,2019-05-24,1761.25
2451,2019-05-27,1772.75
2452,2019-05-28,1772.75
2453,2019-05-29,1769.0
2454,2019-05-30,1761.75
2455,2019-05-31,1760.75
2456,2019-06-03,1763.25
2457,2019-06-04,1751.25
2458,2019-06-05,1765.75
2459,2019-06-06,1742.25
2460,2019-06-07,1732.5
2461,2019-06-10,1720.25
2462,2019-06-11,1754.25
2463,2019-06-12,1753.25
2464,2019-06-13,1755.75
2465,2019-06-14,1737.25
2466,2019-06-17,1719.25
2467,2019-06-18,1732.5
2468,2019-06-19,1746.25
2469,2019-06-20,1777.5
2470,2019-06-21,1743.0
2471,2019-06-24,1747.0
2472,2019-06-25,1776.25
2473,2019-06-26,1802.5
2474,2019-06-27,1781.0
2475,2019-06-28,1773.25
2476,2019-07-01,1777.5
2477,2019-07-02,1755.0
2478,2019-07-03,1754.25
2479,2019-07-04,1771.25
2480,2019-07-05,1779.25
2481,2019-07-08,1782.75
2482,2019-07-09,1782.75
2483,2019-07-10,1811.25
2484,2019-07-11,1806.75
2485,2019-07-12,1799.25
2486,2019-07-15,1809.75
2487,2019-07-16,1817.75
2488,2019-07-17,1818.5
2489,2019-07-18,1827.25
2490,2019-07-19,1832.75
2491,2019-07-22,1807.75
2492,2019-07-23,1794.75
2493,2019-07-24,1795.25
2494,2019-07-25,1795.25
2495,2019-07-26,1777.0
2496,2019-07-29,1774.25
2497,2019-07-30,1781.25
2498,2019-07-31,1776.25
2499,2019-08-01,1756.75
2500,2019-08-02,1748.75
2501,2019-08-05,1739.0
2502,2019-08-06,1740.25
2503,2019-08-07,1727.75
2504,2019-08-08,1737.25
2505,2019-08-09,1745.75
2506,2019-08-12,1742.75
2507,2019-08-13,1730.75
2508,2019-08-14,1740.75
2509,2019-08-15,1742.25
2510,2019-08-16,1755.25
2511,2019-08-19,1762.25
2512,2019-08-20,1756.0
2513,2019-08-21,1750.75
2514,2019-08-22,1738.5
2515,2019-08-23,1745.5
2516,2019-08-26,1743.5
2517,2019-08-27,1743.5
2518,2019-08-28,1723.75
2519,2019-08-29,1713.25
2520,2019-08-30,1712.25
2521,2019-09-02,1716.25
2522,2019-09-03,1714.25
2523,2019-09-04,1734.25
2524,2019-09-05,1754.0
2525,2019-09-06,1761.25
2526,2019-09-09,1768.75
2527,2019-09-10,1775.75
2528,2019-09-11,1792.25
2529,2019-09-12,1773.5
2530,2019-09-13,1767.5
2531,2019-09-16,1770.25
2532,2019-09-17,1746.25
2533,2019-09-18,1750.75
2534,2019-09-19,1762.25
2535,2019-09-20,1765.75
2536,2019-09-23,1755.5
2537,2019-09-24,1751.0
2538,2019-09-25,1735.5
2539,2019-09-26,1723.0
2540,2019-09-27,1712.5
2541,2019-09-30,1703.25
2542,2019-10-01,1705.25
2543,2019-10-02,1696.5
2544,2019-10-03,1696.75
2545,2019-10-04,1701.25
2546,2019-10-07,1712.5
2547,2019-10-08,1731.75
2548,2019-10-09,1728.75
2549,2019-10-10,1737.75
2550,2019-10-11,1720.5
2551,2019-10-14,1704.25
2552,2019-10-15,1701.75
2553,2019-10-16,1703.25
2554,2019-10-17,1725.5
2555,2019-10-18,1728.5
2556,2019-10-21,1735.25
2557,2019-10-22,1707.25
2558,2019-10-23,1711.75
2559,2019-10-24,1714.0
2560,2019-10-25,1710.25
2561,2019-10-28,1726.5
2562,2019-10-29,1737.25
2563,2019-10-30,1746.25
2564,2019-10-31,1742.25
2565,2019-11-01,1765.5
2566,2019-11-04,1786.75
2567,2019-11-05,1813.25
2568,2019-11-06,1817.25
2569,2019-11-07,1817.25
2570,2019-11-08,1827.25
2571,2019-11-11,1804.75
2572,2019-11-12,1765.25
2573,2019-11-13,1767.5
2574,2019-11-14,1755.75
2575,2019-11-15,1740.5
2576,2019-11-18,1743.75
2577,2019-11-19,1734.25
2578,2019-11-20,1747.5
2579,2019-11-21,1752.5
2580,2019-11-22,1749.75
2581,2019-11-25,1752.5
2582,2019-11-26,1750.0
2583,2019-11-27,1770.25
2584,2019-11-28,1764.75
2585,2019-11-29,1785.25
2586,2019-12-02,1789.25
2587,2019-12-03,1801.75
2588,2019-12-04,1770.75
2589,2019-12-05,1755.75
2590,2019-12-06,1750.25
2591,2019-12-09,1765.75
2592,2019-12-10,1749.5
2593,2019-12-11,1751.25
2594,2019-12-12,1754.75
2595,2019-12-13,1763.0
2596,2019-12-16,1762.75
2597,2019-12-17,1753.5
2598,2019-12-18,1757.0
2599,2019-12-19,1765.25
2600,2019-12-20,1770.25
2601,2019-12-23,1771.25
2602,2019-12-24,1790.25
2603,2019-12-25,1788.5
2604,2019-12-26,1788.5
2605,2019-12-27,1788.5
2606,2019-12-30,1790.75
2607,2019-12-31,1799.75
2608,2020-01-01,1771.5
2609,2020-01-02,1771.5
2610,2020-01-03,1757.5
2611,2020-01-06,1790.5
2612,2020-01-07,1793.75
2613,2020-01-08,1771.25
2614,2020-01-09,1770.75
2615,2020-01-10,1771.25
2616,2020-01-13,1766.25
2617,2020-01-14,1767.25
2618,2020-01-15,1778.25
2619,2020-01-16,1793.75
2620,2020-01-17,1795.75
2621,2020-01-20,1806.5
2622,2020-01-21,1810.25
2623,2020-01-22,1807.25
2624,2020-01-23,1781.25
2625,2020-01-24,1775.25
2626,2020-01-27,1755.25
2627,2020-01-28,1744.25
2628,2020-01-29,1732.25
2629,2020-01-30,1722.25
2630,2020-01-31,1709.25
2631,2020-02-03,1694.0
2632,2020-02-04,1686.75
2633,2020-02-05,1687.75
2634,2020-02-06,1697.5
2635,2020-02-07,1693.25
2636,2020-02-10,1675.75
2637,2020-02-11,1689.25
2638,2020-02-12,1706.75
2639,2020-02-13,1701.25
2640,2020-02-14,1704.25
2641,2020-02-17,1678.25
2642,2020-02-18,1680.75
2643,2020-02-19,1685.0
2644,2020-02-20,1686.5
2645,2020-02-21,1676.5
2646,2020-02-24,1672.0
2647,2020-02-25,1684.0
2648,2020-02-26,1676.25
2649,2020-02-27,1670.75
2650,2020-02-28,1662.75
2651,2020-03-02,1684.25
2652,2020-03-03,1705.75
2653,2020-03-04,1723.0
2654,2020-03-05,1714.5
2655,2020-03-06,1686.75
2656,2020-03-09,1643.25
2657,2020-03-10,1688.75
2658,2020-03-11,1670.25
2659,2020-03-12,1642.5
2660,2020-03-13,1676.75
2661,2020-03-16,1640.25
2662,2020-03-17,1627.75
2663,2020-03-18,1602.25
2664,2020-03-19,1580.5
2665,2020-03-20,1580.25
2666,2020-03-23,1536.0
2667,2020-03-24,1532.5
2668,2020-03-25,1507.5
2669,2020-03-26,1507.5
2670,2020-03-27,1506.0
2671,2020-03-30,1495.0
2672,2020-03-31,1489.0
2673,2020-04-01,1463.5
2674,2020-04-02,1448.5
2675,2020-04-03,1452.0
2676,2020-04-06,1424.5
2677,2020-04-07,1455.5
2678,2020-04-08,1421.5
2679,2020-04-09,1428.5
2680,2020-04-10,1456.0
2681,2020-04-13,1456.0
2682,2020-04-14,1456.0
2683,2020-04-15,1469.5
2684,2020-04-16,1476.0
2685,2020-04-17,1482.5
2686,2020-04-20,1451.5
2687,2020-04-21,1443.5
2688,2020-04-22,1461.5
2689,2020-04-23,1473.5
2690,2020-04-24,1473.0
2691,2020-04-27,1472.5
2692,2020-04-28,1465.0
2693,2020-04-29,1464.0
2694,2020-04-30,1460.5
2695,2020-05-01,1440.0
2696,2020-05-04,1437.0
2697,2020-05-05,1438.5
2698,2020-05-06,1443.0
2699,2020-05-07,1450.0
2700,2020-05-08,1454.5
2701,2020-05-11,1454.5
2702,2020-05-12,1443.0
2703,2020-05-13,1439.0
2704,2020-05-14,1433.5
2705,2020-05-15,1432.5
2706,2020-05-18,1441.5
2707,2020-05-19,1464.0
2708,2020-05-20,1454.0
2709,2020-05-21,1487.0
2710,2020-05-22,1473.0
2711,2020-05-25,1486.0
2712,2020-05-26,1486.0
2713,2020-05-27,1504.0
2714,2020-05-28,1500.5
2715,2020-05-29,1515.0
2716,2020-06-01,1511.5
2717,2020-06-02,1499.5
2718,2020-06-03,1526.0
2719,2020-06-04,1535.0
2720,2020-06-05,1553.5
2721,2020-06-08,1569.5
2722,2020-06-09,1565.5
2723,2020-06-10,1613.5
2724,2020-06-11,1582.0
2725,2020-06-12,1560.0
2726,2020-06-15,1546.0
2727,2020-06-16,1573.5
2728,2020-06-17,1577.5
2729,2020-06-18,1586.5
2730,2020-06-19,1578.0
2731,2020-06-22,1573.0
2732,2020-06-23,1577.5
2733,2020-06-24,1564.0
2734,2020-06-25,1543.5
2735,2020-06-26,1582.0
2736,2020-06-29,1589.0
2737,2020-06-30,1602.0
2738,2020-07-01,1593.5
2739,2020-07-02,1601.5
2740,2020-07-03,1581.5
2741,2020-07-06,1593.0
2742,2020-07-07,1596.5
2743,2020-07-08,1619.0
2744,2020-07-09,1659.5
2745,2020-07-10,1639.5
2746,2020-07-13,1664.5
2747,2020-07-14,1640.0
2748,2020-07-15,1651.0
2749,2020-07-16,1627.0
2750,2020-07-17,1618.0
2751,2020-07-20,1621.0
2752,2020-07-21,1646.5
2753,2020-07-22,1651.0
2754,2020-07-23,1661.0
2755,2020-07-24,1654.5
2756,2020-07-27,1661.5
2757,2020-07-28,1671.0
2758,2020-07-29,1687.0
2759,2020-07-30,1681.5
2760,2020-07-31,1685.5
2761,2020-08-03,1679.5
2762,2020-08-04,1709.5
2763,2020-08-05,1739.0
2764,2020-08-06,1722.0
2765,2020-08-07,1744.0
2766,2020-08-10,1730.0
2767,2020-08-11,1749.5
2768,2020-08-12,1754.0
2769,2020-08-13,1738.0
2770,2020-08-14,1730.0
2771,2020-08-17,1719.5
2772,2020-08-18,1733.0
2773,2020-08-19,1746.5
2774,2020-08-20,1755.5
2775,2020-08-21,1722.5
2776,2020-08-24,1735.5
2777,2020-08-25,1733.0
2778,2020-08-26,1737.0
2779,2020-08-27,1738.0
2780,2020-08-28,1762.0
2781,2020-08-31,1781.5
2782,2020-09-01,1781.5
2783,2020-09-02,1778.5
2784,2020-09-03,1743.5
2785,2020-09-04,1753.0
2786,2020-09-07,1763.0
2787,2020-09-08,1744.0
2788,2020-09-09,1740.0
2789,2020-09-10,1743.5
2790,2020-09-11,1746.5
2791,2020-09-14,1749.0
2792,2020-09-15,1767.0
2793,2020-09-16,1759.0
2794,2020-09-17,1743.5
2795,2020-09-18,1745.0
2796,2020-09-21,1752.5
2797,2020-09-22,1744.0
2798,2020-09-23,1718.5
2799,2020-09-24,1697.0
2800,2020-09-25,1708.5
2801,2020-09-28,1737.0
2802,2020-09-29,1746.0
2803,2020-09-30,1737.0
2804,2020-10-01,1716.0
2805,2020-10-02,1705.0
2806,2020-10-05,1741.5
2807,2020-10-06,1755.0
2808,2020-10-07,1745.5
2809,2020-10-08,1786.0
2810,2020-10-09,1805.5
2811,2020-10-12,1829.5
2812,2020-10-13,1841.0
2813,2020-10-14,1836.0
2814,2020-10-15,1824.0
2815,2020-10-16,1865.5
2816,2020-10-19,1848.0
2817,2020-10-20,1826.0
2818,2020-10-21,1842.5
2819,2020-10-22,1828.0
2820,2020-10-23,1829.0
2821,2020-10-26,1822.5
2822,2020-10-27,1808.0
2823,2020-10-28,1801.0
2824,2020-10-29,1786.0
2825,2020-10-30,1820.5
2826,2020-11-02,1834.5
2827,2020-11-03,1891.0
2828,2020-11-04,1877.0
2829,2020-11-05,1885.5
2830,2020-11-06,1891.5
2831,2020-11-09,1913.0
2832,2020-11-10,1880.0
2833,2020-11-11,1905.0
2834,2020-11-12,1904.5
2835,2020-11-13,1918.0
2836,2020-11-16,1933.0
2837,2020-11-17,1944.5
2838,2020-11-18,1978.0
2839,2020-11-19,1983.0
2840,2020-11-20,1984.0
2841,2020-11-23,1969.5
2842,2020-11-24,1964.5
2843,2020-11-25,1967.0
2844,2020-11-26,1961.5
2845,2020-11-27,1975.0
2846,2020-11-30,2014.5
2847,2020-12-01,2045.5
2848,2020-12-02,2051.5
2849,2020-12-03,2028.0
2850,2020-12-04,2027.5
2851,2020-12-07,2004.0
2852,2020-12-08,1986.0
2853,2020-12-09,2010.0
2854,2020-12-10,2031.0
2855,2020-12-11,2022.0
2856,2020-12-14,2042.5
2857,2020-12-15,2022.0
2858,2020-12-16,2029.0
2859,2020-12-17,2028.0
2860,2020-12-18,2049.0
2861,2020-12-21,2012.5
2862,2020-12-22,1993.0
2863,2020-12-23,1999.0
2864,2020-12-24,2022.0
2865,2020-12-25,2000.0
2866,2020-12-28,2000.0
2867,2020-12-29,2000.0
2868,2020-12-30,1995.5
2869,2020-12-31,1978.0
2870,2021-01-01,2013.5
2871,2021-01-04,2013.5
2872,2021-01-05,2027.5
2873,2021-01-06,2062.5
2874,2021-01-07,2008.0
2875,2021-01-08,2029.5
2876,2021-01-11,2008.0
2877,2021-01-12,2025.5
2878,2021-01-13,2009.5
2879,2021-01-14,2010.5
2880,2021-01-15,2000.5
2881,2021-01-18,1979.5
2882,2021-01-19,1951.5
2883,2021-01-20,1976.0
2884,2021-01-21,1992.5
2885,2021-01-22,1975.5
2886,2021-01-25,2011.5
2887,2021-01-26,2025.0
2888,2021-01-27,2003.5
2889,2021-01-28,1979.0
2890,2021-01-29,1987.0
2891,2021-02-01,1985.5
2892,2021-02-02,1958.0
2893,2021-02-03,1973.0
2894,2021-02-04,1979.5
2895,2021-02-05,2007.5
2896,2021-02-08,2025.5
2897,2021-02-09,2045.5
2898,2021-02-10,2070.5
2899,2021-02-11,2075.5
2900,2021-02-12,2076.0
2901,2021-02-15,2079.0
2902,2021-02-16,2077.0
2903,2021-02-17,2096.5
2904,2021-02-18,2147.0
2905,2021-02-19,2135.0
2906,2021-02-22,2153.5
2907,2021-02-23,2136.5
2908,2021-02-24,2145.5
2909,2021-02-25,2223.0
2910,2021-02-26,2202.5
2911,2021-03-01,2154.5
2912,2021-03-02,2176.0
2913,2021-03-03,2203.0
2914,2021-03-04,2169.0
2915,2021-03-05,2185.0
2916,2021-03-08,2152.5
2917,2021-03-09,2141.0
2918,2021-03-10,2149.5
2919,2021-03-11,2159.0
2920,2021-03-12,2139.0
2921,2021-03-15,2184.5
2922,2021-03-16,2174.5
2923,2021-03-17,2202.5
2924,2021-03-18,2192.0
2925,2021-03-19,2188.0
2926,2021-03-22,2254.0
2927,2021-03-23,2205.0
2928,2021-03-24,2220.5
2929,2021-03-25,2208.0
2930,2021-03-26,2260.5
2931,2021-03-29,2255.5
2932,2021-03-30,2220.5
2933,2021-03-31,2212.5
2934,2021-04-01,2212.5
2935,2021-04-02,2247.0
2936,2021-04-05,2247.0
2937,2021-04-06,2247.0
2938,2021-04-07,2239.5
2939,2021-04-08,2267.5
2940,2021-04-09,2250.0
2941,2021-04-12,2254.0
2942,2021-04-13,2278.0
2943,2021-04-14,2297.5
2944,2021-04-15,2328.0
2945,2021-04-16,2308.5
2946,2021-04-19,2331.0
2947,2021-04-20,2324.0
2948,2021-04-21,2344.0
2949,2021-04-22,2373.5
2950,2021-04-23,2373.5
2951,2021-04-26,2388.0
2952,2021-04-27,2389.0
2953,2021-04-28,2392.5
2954,2021-04-29,2432.0
2955,2021-04-30,2445.0
2956,2021-05-03,2434.5
2957,2021-05-04,2434.5
2958,2021-05-05,2446.0
2959,2021-05-06,2476.5
2960,2021-05-07,2518.5
2961,2021-05-10,2565.0
2962,2021-05-11,2549.5
2963,2021-05-12,2474.0
2964,2021-05-13,2422.5
2965,2021-05-14,2438.0
2966,2021-05-17,2455.0
2967,2021-05-18,2468.0
2968,2021-05-19,2402.5
2969,2021-05-20,2392.0
2970,2021-05-21,2403.0
2971,2021-05-24,2305.0
2972,2021-05-25,2341.0
2973,2021-05-26,2359.5
2974,2021-05-27,2388.0
2975,2021-05-28,2404.5
2976,2021-05-31,2461.5
2977,2021-06-01,2461.5
2978,2021-06-02,2442.0
2979,2021-06-03,2386.5
2980,2021-06-04,2412.5
2981,2021-06-07,2417.5
2982,2021-06-08,2439.0
2983,2021-06-09,2459.0
2984,2021-06-10,2470.0
2985,2021-06-11,2490.0
2986,2021-06-14,2504.0
2987,2021-06-15,2458.5
2988,2021-06-16,2454.5
2989,2021-06-17,2427.5
2990,2021-06-18,2374.0
2991,2021-06-21,2353.5
2992,2021-06-22,2375.5
2993,2021-06-23,2386.5
2994,2021-06-24,2397.5
2995,2021-06-25,2451.0
2996,2021-06-28,2458.0
2997,2021-06-29,2518.5
2998,2021-06-30,2523.0
2999,2021-07-01,2481.0
3000,2021-07-02,2519.5
3001,2021-07-05,2539.5
3002,2021-07-06,2529.5
3003,2021-07-07,2508.5
3004,2021-07-08,2435.0
3005,2021-07-09,2470.0
3006,2021-07-12,2449.0
3007,2021-07-13,2478.0
3008,2021-07-14,2509.0
3009,2021-07-15,2495.0
3010,2021-07-16,2493.0
3011,2021-07-19,2425.0
3012,2021-07-20,2424.5
3013,2021-07-21,2432.0
3014,2021-07-22,2449.0
3015,2021-07-23,2492.0
3016,2021-07-26,2499.5
3017,2021-07-27,2497.5
3018,2021-07-28,2516.0
3019,2021-07-29,2556.5
3020,2021-07-30,2624.0
3021,2021-08-02,2635.0
3022,2021-08-03,2595.5
3023,2021-08-04,2575.5
3024,2021-08-05,2583.5
3025,2021-08-06,2618.5
3026,2021-08-09,2547.0
3027,2021-08-10,2579.0
3028,2021-08-11,2578.0
3029,2021-08-12,2602.0
3030,2021-08-13,2602.5
3031,2021-08-16,2644.0
3032,2021-08-17,2633.0
3033,2021-08-18,2589.5
3034,2021-08-19,2544.0
3035,2021-08-20,2569.0
3036,2021-08-23,2609.0
3037,2021-08-24,2648.5
3038,2021-08-25,2647.5
3039,2021-08-26,2635.0
3040,2021-08-27,2673.5
3041,2021-08-30,2714.0
3042,2021-08-31,2714.0
3043,2021-09-01,2667.5
3044,2021-09-02,2694.5
3045,2021-09-03,2696.0
3046,2021-09-06,2745.25
3047,2021-09-07,2740.25
3048,2021-09-08,2774.75
3049,2021-09-09,2816.75
3050,2021-09-10,2896.25
3051,2021-09-13,2949.5
3052,2021-09-14,2846.75
3053,2021-09-15,2867.5
3054,2021-09-16,2868.75
3055,2021-09-17,2914.5
3056,2021-09-20,2846.75
3057,2021-09-21,2863.75
3058,2021-09-22,2886.5
3059,2021-09-23,2936.75
3060,2021-09-24,2905.25
3061,2021-09-27,2887.75
3062,2021-09-28,2898.75
3063,2021-09-29,2912.75
3064,2021-09-30,2850.75
3065,2021-10-01,2864.5
3066,2021-10-04,2888.5
3067,2021-10-05,2894.25
3068,2021-10-06,2879.5
3069,2021-10-07,2915.75
3070,2021-10-08,2901.75
3071,2021-10-11,3019.5
3072,2021-10-12,3051.5
3073,2021-10-13,3075.5
3074,2021-10-14,3151.75
3075,2021-10-15,3162.5
3076,2021-10-18,3179.75
3077,2021-10-19,3175.75
3078,2021-10-20,3064.75
3079,2021-10-21,3013.5
3080,2021-10-22,2945.75
3081,2021-10-25,2916.75
3082,2021-10-26,2830.75
3083,2021-10-27,2703.75
3084,2021-10-28,2720.75
3085,2021-10-29,2694.75
3086,2021-11-01,2712.75
3087,2021-11-02,2679.5
3088,2021-11-03,2705.75
3089,2021-11-04,2642.75
3090,2021-11-05,2490.25
3091,2021-11-08,2530.25
3092,2021-11-09,2581.5
3093,2021-11-10,2553.5
3094,2021-11-11,2645.25
3095,2021-11-12,2675.75
3096,2021-11-15,2677.75
3097,2021-11-16,2628.0
3098,2021-11-17,2627.5
3099,2021-11-18,2607.25
3100,2021-11-19,2660.75
3101,2021-11-22,2653.25
3102,2021-11-23,2690.5
3103,2021-11-24,2698.5
3104,2021-11-25,2740.0
3105,2021-11-26,2618.0
3106,2021-11-29,2649.5
3107,2021-11-30,2634.75
3108,2021-12-01,2669.25
3109,2021-12-02,2654.5
3110,2021-12-03,2647.5
3111,2021-12-06,2600.0
3112,2021-12-07,2624.75
3113,2021-12-08,2625.5
3114,2021-12-09,2630.25
3115,2021-12-10,2624.5
3116,2021-12-13,2676.0
3117,2021-12-14,2635.5
3118,2021-12-15,2596.5
3119,2021-12-16,2629.0
3120,2021-12-17,2693.0
3121,2021-12-20,2645.25
3122,2021-12-21,2695.5
3123,2021-12-22,2810.75
3124,2021-12-23,2817.75
3125,2021-12-24,2847.0
3126,2021-12-27,2834.75
3127,2021-12-28,2834.75
3128,2021-12-29,2834.75
3129,2021-12-30,2829.25
3130,2021-12-31,2805.75
3131,2022-01-03,2815.25
3132,2022-01-04,2815.25
3133,2022-01-05,2865.75
3134,2022-01-06,2912.25
3135,2022-01-07,2919.25
3136,2022-01-10,2922.5
3137,2022-01-11,2949.0
3138,2022-01-12,3002.5
3139,2022-01-13,2959.75
3140,2022-01-14,2977.25
3141,2022-01-17,3008.5
3142,2022-01-18,3005.5
3143,2022-01-19,3035.5
3144,2022-01-20,3109.25
3145,2022-01-21,3079.25
3146,2022-01-24,3044.25
3147,2022-01-25,3063.5
3148,2022-01-26,3092.75
3149,2022-01-27,3106.5
3150,2022-01-28,3109.0
3151,2022-01-31,3075.0
3152,2022-02-01,3071.75
3153,2022-02-02,3042.75
3154,2022-02-03,3058.25
3155,2022-02-04,3086.75
3156,2022-02-07,3147.75
3157,2022-02-08,3244.5
3158,2022-02-09,3247.0
3159,2022-02-10,3312.5
3160,2022-02-11,3199.75
3161,2022-02-14,3305.5
3162,2022-02-15,3222.0
3163,2022-02-16,3281.0
3164,2022-02-17,3293.0
3165,2022-02-18,3313.5
3166,2022-02-21,3314.0
3167,2022-02-22,3419.5
3168,2022-02-23,3323.25
3169,2022-02-24,3518.5
3170,2022-02-25,3355.0
3171,2022-02-28,3449.0
3172,2022-03-01,3495.25
3173,2022-03-02,3604.75
3174,2022-03-03,3728.25
3175,2022-03-04,3850.5
3176,2022-03-07,3984.0
3177,2022-03-08,3500.25
3178,2022-03-09,3531.0
3179,2022-03-10,3534.5
3180,2022-03-11,3471.0
3181,2022-03-14,3398.5
3182,2022-03-15,3217.0
3183,2022-03-16,3305.5
3184,2022-03-17,3287.75
3185,2022-03-18,3380.0
3186,2022-03-21,3517.5
3187,2022-03-22,3550.25
3188,2022-03-23,3559.0
3189,2022-03-24,3663.5
3190,2022-03-25,3582.5
3191,2022-03-28,3605.0
3192,2022-03-29,3582.0
3193,2022-03-30,3507.0
3194,2022-03-31,3502.5
3195,2022-04-01,3482.75
3196,2022-04-04,3443.75
3197,2022-04-05,3414.5
3198,2022-04-06,3443.25
3199,2022-04-07,3345.0
3200,2022-04-08,3394.0
3201,2022-04-11,3234.0
3202,2022-04-12,3214.25
3203,2022-04-13,3206.0
3204,2022-04-14,3237.25
3205,2022-04-15,3311.0
3206,2022-04-18,3311.0
3207,2022-04-19,3311.0
3208,2022-04-20,3239.5
3209,2022-04-21,3261.5
3210,2022-04-22,3243.75
3211,2022-04-25,3089.5
3212,2022-04-26,3102.25
3213,2022-04-27,3099.5
3214,2022-04-28,3065.25
3215,2022-04-29,3038.5
3216,2022-05-02,2911.25
3217,2022-05-03,2911.25
3218,2022-05-04,2928.75
3219,2022-05-05,2916.75
3220,2022-05-06,2832.25
3221,2022-05-09,2707.5
3222,2022-05-10,2676.5
3223,2022-05-11,2736.5
3224,2022-05-12,2687.0
3225,2022-05-13,2722.0
3226,2022-05-16,2790.5
3227,2022-05-17,2835.5
3228,2022-05-18,2844.75
3229,2022-05-19,2825.75
3230,2022-05-20,2930.5
3231,2022-05-23,2962.5
3232,2022-05-24,2880.75
3233,2022-05-25,2829.25
3234,2022-05-26,2825.25
3235,2022-05-27,2822.75
3236,2022-05-30,2862.5
3237,2022-05-31,2816.25
3238,2022-06-01,2701.25
3239,2022-06-02,2741.5
3240,2022-06-03,2741.5
3241,2022-06-06,2741.5
3242,2022-06-07,2714.5
3243,2022-06-08,2765.25
3244,2022-06-09,2752.25
3245,2022-06-10,2694.75
3246,2022-06-13,2589.25
3247,2022-06-14,2587.5
3248,2022-06-15,2579.5
3249,2022-06-16,2500.25
3250,2022-06-17,2473.75
3251,2022-06-20,2461.5
3252,2022-06-21,2519.0
3253,2022-06-22,2455.25
3254,2022-06-23,2479.0
3255,2022-06-24,2435.75
3256,2022-06-27,2452.75
3257,2022-06-28,2499.5
3258,2022-06-29,2451.5
3259,2022-06-30,2396.75
3260,2022-07-01,2383.5
3261,2022-07-04,2431.25
3262,2022-07-05,2373.0
3263,2022-07-06,2357.5
3264,2022-07-07,2417.0
3265,2022-07-08,2399.25
3266,2022-07-11,2416.5
3267,2022-07-12,2357.5
3268,2022-07-13,2342.75
3269,2022-07-14,2328.5
3270,2022-07-15,2320.0
3271,2022-07-18,2377.25
3272,2022-07-19,2411.75
3273,2022-07-20,2456.25
3274,2022-07-21,2425.0
3275,2022-07-22,2459.5
3276,2022-07-25,2431.25
3277,2022-07-26,2436.0
3278,2022-07-27,2390.25
3279,2022-07-28,2457.5
3280,2022-07-29,2451.0
3281,2022-08-01,2469.25
3282,2022-08-02,2448.25
3283,2022-08-03,2402.75
3284,2022-08-04,2373.75
3285,2022-08-05,2447.25
3286,2022-08-08,2435.25
3287,2022-08-09,2487.5
3288,2022-08-10,2462.25
3289,2022-08-11,2497.0
3290,2022-08-12,2468.25
3291,2022-08-15,2389.25
3292,2022-08-16,2441.0
3293,2022-08-17,2413.75
3294,2022-08-18,2411.0
3295,2022-08-19,2375.75
3296,2022-08-22,2387.25
3297,2022-08-23,2438.25
3298,2022-08-24,2421.75
3299,2022-08-25,2442.0
3300,2022-08-26,2494.0
3301,2022-08-29,2406.25
3302,2022-08-30,2406.25
3303,2022-08-31,2368.25
3304,2022-09-01,2305.75
3305,2022-09-02,2308.5
3306,2022-09-05,2290.25
3307,2022-09-06,2259.0
3308,2022-09-07,2230.25
3309,2022-09-08,2255.75
3310,2022-09-09,2279.75
3311,2022-09-12,2288.25
3312,2022-09-13,2309.25
3313,2022-09-14,2227.25
3314,2022-09-15,2271.5
3315,2022-09-16,2258.0
3316,2022-09-19,2231.5
3317,2022-09-20,2245.25
3318,2022-09-21,2190.0
3319,2022-09-22,2195.25
3320,2022-09-23,2152.75
3321,2022-09-26,2125.25
3322,2022-09-27,2105.75
3323,2022-09-28,2079.5
3324,2022-09-29,2260.75
3325,2022-09-30,2179.75
3326,2022-10-03,2163.5
3327,2022-10-04,2261.25
3328,2022-10-05,2288.5
3329,2022-10-06,2354.75
3330,2022-10-07,2341.5
3331,2022-10-10,2273.75
3332,2022-10-11,2218.25
3333,2022-10-12,2226.5
3334,2022-10-13,2373.75
3335,2022-10-14,2308.75
3336,2022-10-17,2239.5
3337,2022-10-18,2200.25
3338,2022-10-19,2168.5
3339,2022-10-20,2213.75
3340,2022-10-21,2155.25
3341,2022-10-24,2159.0
3342,2022-10-25,2170.25
3343,2022-10-26,2265.25
3344,2022-10-27,2296.75
3345,2022-10-28,2225.75
3346,2022-10-31,2196.5
3347,2022-11-01,2245.25
3348,2022-11-02,2226.75
3349,2022-11-03,2215.75
3350,2022-11-04,2305.5
3351,2022-11-07,2291.75
3352,2022-11-08,2326.75
3353,2022-11-09,2337.75
3354,2022-11-10,2271.75
3355,2022-11-11,2409.0
3356,2022-11-14,2391.75
3357,2022-11-15,2409.5
3358,2022-11-16,2392.5
3359,2022-11-17,2342.25
3360,2022-11-18,2368.5
3361,2022-11-21,2343.0
3362,2022-11-22,2393.75
3363,2022-11-23,2363.5
3364,2022-11-24,2343.75
3365,2022-11-25,2345.75
3366,2022-11-28,2315.25
3367,2022-11-29,2341.25
3368,2022-11-30,2386.5
3369,2022-12-01,2430.25
3370,2022-12-02,2448.25
3371,2022-12-05,2484.75
3372,2022-12-06,2460.75
3373,2022-12-07,2450.25
3374,2022-12-08,2468.0
3375,2022-12-09,2453.25
3376,2022-12-12,2389.75
3377,2022-12-13,2387.5
3378,2022-12-14,2379.25
3379,2022-12-15,2395.5
3380,2022-12-16,2353.5
3381,2022-12-19,2326.0
3382,2022-12-20,2329.25
3383,2022-12-21,2356.0
3384,2022-12-22,2361.5
3385,2022-12-23,2341.75
3386,2022-12-26,2342.5
3387,2022-12-27,2342.5
3388,2022-12-28,2342.5
3389,2022-12-29,2371.25
3390,2022-12-30,2360.25
3391,2023-01-02,2337.25
3392,2023-01-03,2337.25
3393,2023-01-04,2249.5
3394,2023-01-05,2269.0
3395,2023-01-06,2242.25
3396,2023-01-09,2336.25
3397,2023-01-10,2396.0
3398,2023-01-11,2450.75
3399,2023-01-12,2446.5
3400,2023-01-13,2510.75
3401,2023-01-16,2602.75
3402,2023-01-17,2562.25
3403,2023-01-18,2635.5
3404,2023-01-19,2540.0
3405,2023-01-20,2585.25
3406,2023-01-23,2592.75
3407,2023-01-24,2594.25
3408,2023-01-25,2605.75
3409,2023-01-26,2597.5
3410,2023-01-27,2596.75
3411,2023-01-30,2576.5
3412,2023-01-31,2533.0
3413,2023-02-01,2610.5
3414,2023-02-02,2572.25
3415,2023-02-03,2559.0
3416,2023-02-06,2486.25
3417,2023-02-07,2472.25
3418,2023-02-08,2468.75
3419,2023-02-09,2424.25
3420,2023-02-10,2434.5
3421,2023-02-13,2382.0
3422,2023-02-14,2390.0
3423,2023-02-15,2366.75
3424,2023-02-16,2341.25
3425,2023-02-17,2334.75
3426,2023-02-20,2391.0
3427,2023-02-21,2430.25
3428,2023-02-22,2385.25
3429,2023-02-23,2368.25
3430,2023-02-24,2306.0
3431,2023-02-27,2313.5
3432,2023-02-28,2299.0
3433,2023-03-01,2363.0
3434,2023-03-02,2366.0
3435,2023-03-03,2361.25
3436,2023-03-06,2321.25
3437,2023-03-07,2312.25
3438,2023-03-08,2288.25
3439,2023-03-09,2290.5
3440,2023-03-10,2248.5
3441,2023-03-13,2236.0
3442,2023-03-14,2271.5
3443,2023-03-15,2245.5
3444,2023-03-16,2237.25
3445,2023-03-17,2231.0
3446,2023-03-20,2237.25
3447,2023-03-21,2234.75
3448,2023-03-22,2231.75
3449,2023-03-23,2264.5
3450,2023-03-24,2264.5
3451,2023-03-27,2297.5
3452,2023-03-28,2314.5
3453,2023-03-29,2365.75
3454,2023-03-30,2343.75
3455,2023-03-31,2336.25
3456,2023-04-03,2380.25
3457,2023-04-04,2341.0
3458,2023-04-05,2305.75
3459,2023-04-06,2300.25
3460,2023-04-07,2267.5
3461,2023-04-10,2267.5
3462,2023-04-11,2267.5
3463,2023-04-12,2258.25
3464,2023-04-13,2329.5
3465,2023-04-14,2355.5
3466,2023-04-17,2364.0
3467,2023-04-18,2400.5
3468,2023-04-19,2381.75
3469,2023-04-20,2409.75
3470,2023-04-21,2388.25
3471,2023-04-24,2354.25
3472,2023-04-25,2312.5
3473,2023-04-26,2339.25
3474,2023-04-27,2301.75
3475,2023-04-28,2341.0
3476,2023-05-01,2352.75
3477,2023-05-02,2352.75
3478,2023-05-03,2329.5
3479,2023-05-04,2296.5
3480,2023-05-05,2277.25
3481,2023-05-08,2320.5
3482,2023-05-09,2320.5
3483,2023-05-10,2275.75
3484,2023-05-11,2228.5
3485,2023-05-12,2230.25
3486,2023-05-15,2260.25
3487,2023-05-16,2235.25
3488,2023-05-17,2268.75
3489,2023-05-18,2311.0
3490,2023-05-19,2299.0
3491,2023-05-22,2261.5
3492,2023-05-23,2201.75
3493,2023-05-24,2233.5
3494,2023-05-25,2235.5
3495,2023-05-26,2241.5
3496,2023-05-29,2229.75
3497,2023-05-30,2229.75
3498,2023-05-31,2254.75
3499,2023-06-01,2280.75
3500,2023-06-02,2263.25
3501,2023-06-05,2215.0
3502,2023-06-06,2171.5
3503,2023-06-07,2168.5
3504,2023-06-08,2187.25
3505,2023-06-09,2220.75
3506,2023-06-12,2187.75
3507,2023-06-13,2193.25
3508,2023-06-14,2199.5
3509,2023-06-15,2196.5
3510,2023-06-16,2224.25
3511,2023-06-19,2194.75
3512,2023-06-20,2184.25
3513,2023-06-21,2156.75
3514,2023-06-22,2190.25
3515,2023-06-23,2132.25
3516,2023-06-26,2115.75
3517,2023-06-27,2151.25
3518,2023-06-28,2141.25
3519,2023-06-29,2105.25
3520,2023-06-30,2096.25
3521,2023-07-03,2106.0
3522,2023-07-04,2102.25
3523,2023-07-05,2092.75
3524,2023-07-06,2103.25
3525,2023-07-07,2085.5
3526,2023-07-10,2095.75
3527,2023-07-11,2128.75
3528,2023-07-12,2147.0
3529,2023-07-13,2235.75
3530,2023-07-14,2224.75
3531,2023-07-17,2194.5
3532,2023-07-18,2169.0
3533,2023-07-19,2141.75
3534,2023-07-20,2171.5
3535,2023-07-21,2153.25
3536,2023-07-24,2154.5
3537,2023-07-25,2183.5
3538,2023-07-26,2170.25
3539,2023-07-27,2175.75
3540,2023-07-28,2161.25
3541,2023-07-31,2195.25
3542,2023-08-01,2216.5
3543,2023-08-02,2176.25
3544,2023-08-03,2146.75
3545,2023-08-04,2165.0
3546,2023-08-07,2177.75
3547,2023-08-08,2142.5
3548,2023-08-09,2152.5
3549,2023-08-10,2161.25
3550,2023-08-11,2126.0
3551,2023-08-14,2095.75
3552,2023-08-15,2085.25
3553,2023-08-16,2088.75
3554,2023-08-17,2130.5
3555,2023-08-18,2095.75
3556,2023-08-21,2068.25
3557,2023-08-22,2121.25
3558,2023-08-23,2128.75
3559,2023-08-24,2119.25
3560,2023-08-25,2123.5
3561,2023-08-28,2116.25
3562,2023-08-29,2116.25
3563,2023-08-30,2140.25
3564,2023-08-31,2165.25